original_review,augmented_review,label
This movie is a triumph in every sense. Highly recommended for everyone.,This picture show is a triumph in every sense . Highly commend for everyone .,Positive
This movie is a triumph in every sense. Highly recommended for everyone.,This film is a triumph in every sense. Highly recommended for all.,Positive
I was completely blown away by this film. The lead actor delivered a refreshing performance. I will be thinking about this for days.,I was completely muff outside by this film . The lead actor delivered a refreshing performance . I will be thinking about this for Clarence Day .,Positive
I was completely blown away by this film. The lead actor delivered a refreshing performance. I will be thinking about this for days.,I was completely enthralled by this film. The lead actor gave a refreshing performance. I will be thinking about this for days.,Positive
It perfectly balances humor and drama. I was hooked from the very first minute.,It perfectly residual humor and drama . I was hooked from the very first mo .,Positive
It perfectly balances humor and drama. I was hooked from the very first minute.,It balances comedy and drama perfectly. I was hooked from the first minute.,Positive
"Simply put, this is cinema at its finest. The chemistry between the cast was superb. Don't miss this one.","only commit , this is cinema at its finest . The chemistry between the cast was superb . Do n't missy this one .",Positive
"Simply put, this is cinema at its finest. The chemistry between the cast was superb. Don't miss this one.","Simply put, this is cinema at its peak. The chemistry between the actors was fantastic. Don't miss it.",Positive
"Wow, just wow. Every scene felt earned, and the costume design was masterful. Two thumbs way up.","Wow , just wow . Every fit felt earned , and the costume design follow masterful . Two finger way up .",Positive
"Wow, just wow. Every scene felt earned, and the costume design was masterful. Two thumbs way up.","Wow, just wow. Every scene felt earned, and the costume design was excellent. Two thumbs up.",Positive
I didn't expect to enjoy this as much as I did. I particularly loved how the cinematography was handled. Don't miss this one.,I did n't expect to enjoy this deoxyadenosine monophosphate a good deal as I did . I particularly have it away how the cinematography cost handled . Do n't miss this one .,Positive
I didn't expect to enjoy this as much as I did. I particularly loved how the cinematography was handled. Don't miss this one.,I didn't expect to enjoy it so much. I especially liked how the cinematography was handled. Don't miss it.,Positive
I didn't expect to enjoy this as much as I did. It perfectly balances humor and drama. Do yourself a favor and go see this.,I did n't expect to enjoy this as practically as I make . It absolutely balances humor and drama . Do yourself a party favour and go see this .,Positive
I didn't expect to enjoy this as much as I did. It perfectly balances humor and drama. Do yourself a favor and go see this.,I didn't expect to enjoy it so much. It balances comedy and drama perfectly. Do yourself a favor and go see it.,Positive
The visual effects were superb and added so much depth. This movie is a triumph in every sense.,The visual upshot were superb and added so much astuteness . This movie is a triumph in every horse sense .,Positive
The visual effects were superb and added so much depth. This movie is a triumph in every sense.,The visual effects were spectacular and had a lot of depth. This film is a triumph in every sense.,Positive
"Wow, just wow. It perfectly balances humor and drama. A must-watch for fans of the genre.","scream , just wow . It perfectly Libra wit and drama . A must-watch for fans of the genre .",Positive
"Wow, just wow. It perfectly balances humor and drama. A must-watch for fans of the genre.","Wow, just wow. It balances comedy and drama perfectly. A must-watch for fans of the genre.",Positive
A refreshing take on a tired genre. Don't miss this one.,A tonic take on a tired writing style . Do n't miss this one .,Positive
A refreshing take on a tired genre. Don't miss this one.,A refreshing take on a tired genre. Don't miss it.,Positive
It perfectly balances humor and drama. This movie is a triumph in every sense.,It perfectly balances humor and drama . This moving picture make up a triumph in every sense .,Positive
It perfectly balances humor and drama. This movie is a triumph in every sense.,It balances comedy and drama perfectly. This film is a triumph in every sense.,Positive
"Every scene felt earned, and the opening scene was heartwarming. A cinematic masterpiece.","Every picture felt earned , and the unfold scene was heartwarming . A cinematic masterpiece .",Positive
"Every scene felt earned, and the opening scene was heartwarming. A cinematic masterpiece.",Every scene felt earned and the opening scene was heart-touching. A cinematic masterpiece.,Positive
"Wow, just wow. I particularly loved how the pacing was handled. A must-watch for fans of the genre.","Wow , upright wow . I specially loved how the pacing exist handled . A must-watch for fans of the genre .",Positive
"Wow, just wow. I particularly loved how the pacing was handled. A must-watch for fans of the genre.","Wow, just wow. I especially liked how the speed was controlled. A must-watch for fans of the genre.",Positive
This movie is a triumph in every sense. The visual effects were refreshing and added so much depth. A definitive 10/10.,This movie is a exult in every sense . The visual upshot were refreshing and added so much depth . A determinate 10/10 .,Positive
This movie is a triumph in every sense. The visual effects were refreshing and added so much depth. A definitive 10/10.,This film is a triumph in every sense. The visual effects were fresh and had a lot of depth. A definite 10/10.,Positive
An absolute joy to watch from start to finish. Two thumbs way up.,An absolute pleasure to watch from start to finale . Two thumbs way up .,Positive
An absolute joy to watch from start to finish. Two thumbs way up.,An absolute joy to watch from beginning to end. Two thumbs up.,Positive
"Finally, a movie that respects the audience. Two thumbs way up.","Finally , a movie that respects the audience . Two riff manner up .",Positive
"Finally, a movie that respects the audience. Two thumbs way up.","Ultimately, a film that respects the audience. Two thumbs up.",Positive
I was completely blown away by this film. Don't miss this one.,I was completely blown by by this film . Do n't missy this one .,Positive
I was completely blown away by this film. Don't miss this one.,I was completely enthralled by this film. Don't miss it.,Positive
"Finally, a movie that respects the audience. The lead actor delivered a flawless performance. It deserves all the awards it's getting.","in conclusion , a movie that respects the audience . The lead histrion delivered a flawless performance . It deserves all the present it 's getting .",Positive
"Finally, a movie that respects the audience. The lead actor delivered a flawless performance. It deserves all the awards it's getting.","Ultimately, a film that respects the audience. The lead actor did a great job. It deserves all the awards it gets.",Positive
"It managed to be flawless without trying too hard. Finally, a movie that respects the audience.","It managed to be flawless without trying likewise hard . at last , a movie that respects the audience .",Positive
"It managed to be flawless without trying too hard. Finally, a movie that respects the audience.","It managed to be flawless without trying too hard. Ultimately, a film that respects the audience.",Positive
It perfectly balances humor and drama. I was completely blown away by this film.,It perfectly balances humor and dramatic play . I was altogether blown away by this film .,Positive
It perfectly balances humor and drama. I was completely blown away by this film.,It balances comedy and drama perfectly. I was completely enthralled by this film.,Positive
A cinematic masterpiece. The visual effects were superb and added so much depth. Do yourself a favor and go see this.,A cinematic masterpiece . The visual effects were superb and added soh a good deal depth . Do yourself a prefer and go see this .,Positive
A cinematic masterpiece. The visual effects were superb and added so much depth. Do yourself a favor and go see this.,A cinematic masterpiece. The visual effects were spectacular and had a lot of depth. Do yourself a favor and go see it.,Positive
I didn't expect to enjoy this as much as I did. Highly recommended for everyone.,I did n't expect to enjoy this every bit very much as I did . Highly recommended for everyone .,Positive
I didn't expect to enjoy this as much as I did. Highly recommended for everyone.,I didn't expect to enjoy it so much. Highly recommended for all.,Positive
Standard fare for this type of movie. Good for a one-time watch.,Standard fare for this type of pic . Good for a one-time ascertain .,Positive
Standard fare for this type of movie. Good for a one-time watch.,Standard fare for this type of movie. Nice to see once.,Positive
An absolute joy to watch from start to finish. Highly recommended for everyone.,An absolute joy to catch from start to destination . Highly recommended for everyone .,Positive
An absolute joy to watch from start to finish. Highly recommended for everyone.,An absolute joy to watch from beginning to end. Highly recommended for all.,Positive
This movie is a triumph in every sense. The lead actor delivered a memorable performance. Don't miss this one.,This moving-picture show cost a wallow in every sense . The lead actor delivered a memorable performance . Do n't miss this one .,Positive
This movie is a triumph in every sense. The lead actor delivered a memorable performance. Don't miss this one.,This film is a triumph in every sense. The lead actor gave a memorable performance. Don't miss it.,Positive
A cinematic masterpiece. The lead actor delivered a gripping performance. I will be thinking about this for days.,A cinematic chef-d'oeuvre . The lead actor delivered a gripping carrying into action . I will be thinking about this for mean solar day .,Positive
A cinematic masterpiece. The lead actor delivered a gripping performance. I will be thinking about this for days.,A cinematic masterpiece. The lead actor gave an entertaining performance. I will be thinking about this for days.,Positive
I was hooked from the very first minute. It managed to be vibrant without trying too hard. I can't wait to see it again.,I cost hooked from the very first infinitesimal . It managed to be vibrant without test too intemperately . I ca n't wait to see it again .,Positive
I was hooked from the very first minute. It managed to be vibrant without trying too hard. I can't wait to see it again.,I was hooked from the first minute. It managed to come alive without trying too hard. I can't wait to see it again.,Positive
I was hooked from the very first minute. I can't wait to see it again.,I represent hooked from the very first minute . I ca n't hold to see it again .,Positive
I was hooked from the very first minute. I can't wait to see it again.,I was hooked from the first minute. I can't wait to see it again.,Positive
The visual effects were delightful and added so much depth. I was hooked from the very first minute.,The ocular effects equal delightful and added so much astuteness . I was hooked from the very first minute .,Positive
The visual effects were delightful and added so much depth. I was hooked from the very first minute.,The visual effects were enjoyable and added a lot of depth. I was hooked from the first minute.,Positive
"The lead actor delivered a delightful performance. Wow, just wow.","The lead actor turn in a delightful performance . Wow , just wow .",Positive
"The lead actor delivered a delightful performance. Wow, just wow.","The lead actor gave a captivating performance. Wow, just wow.",Positive
This movie is a triumph in every sense. The costume design was absolutely flawless. Do yourself a favor and go see this.,This movie cost a triumph in every sense . The dress up design was absolutely flawless . Do yourself a party favor and go see this .,Positive
This movie is a triumph in every sense. The costume design was absolutely flawless. Do yourself a favor and go see this.,This film is a triumph in every sense. The design of the dress was absolutely flawless. Do yourself a favor and go see it.,Positive
The visual effects were stellar and added so much depth. I was hooked from the very first minute.,The visual effects be stellar and added sol much depth . I was hooked from the very first second .,Positive
The visual effects were stellar and added so much depth. I was hooked from the very first minute.,The visual effects were spectacular and had a lot of depth. I was hooked from the first minute.,Positive
"The dialogue was absolutely phenomenal. Wow, just wow.","The dialogue was absolutely phenomenal . howler , just wow .",Positive
"The dialogue was absolutely phenomenal. Wow, just wow.","The communication was absolutely amazing. Wow, just wow.",Positive
The lead actor delivered a memorable performance. An absolute joy to watch from start to finish.,The contribute actor delivered a memorable performance . An absolute joy to ticker from start to finish .,Positive
The lead actor delivered a memorable performance. An absolute joy to watch from start to finish.,The lead actor gave a memorable performance. An absolute joy to watch from beginning to end.,Positive
A cinematic masterpiece. The lead actor delivered a touching performance. A must-watch for fans of the genre.,A cinematic masterpiece . The lead worker redeem a touching performance . A must-watch for fans of the genre .,Positive
A cinematic masterpiece. The lead actor delivered a touching performance. A must-watch for fans of the genre.,A cinematic masterpiece. The lead actor gave a touching performance. A must-watch for fans of the genre.,Positive
A refreshing take on a tired genre. It managed to be solid without trying too hard. Highly recommended for everyone.,A refreshing postulate on a tired genre . It managed to be solid without test too hard . Highly recommended for everyone .,Positive
A refreshing take on a tired genre. It managed to be solid without trying too hard. Highly recommended for everyone.,A refreshing take on a tired genre. It managed to be solid without much effort. Highly recommended for all.,Positive
"It perfectly balances humor and drama. Wow, just wow.","It perfectly balances humor and drama . Wow , just thigh-slapper .",Positive
"It perfectly balances humor and drama. Wow, just wow.","It balances comedy and drama perfectly. Wow, just wow.",Positive
"The lead actor delivered a flawless performance. Finally, a movie that respects the audience.","The lead actor fork out a flawless performance . Finally , a movie that value the audience .",Positive
"The lead actor delivered a flawless performance. Finally, a movie that respects the audience.","The lead actor did a great job. Ultimately, a film that respects the audience.",Positive
I was completely blown away by this film. The opening scene was absolutely compelling. Don't miss this one.,I was completely blown away by this take . The opening scene was utterly obligate . Do n't miss this one .,Positive
I was completely blown away by this film. The opening scene was absolutely compelling. Don't miss this one.,I was completely enthralled by this film. The opening scene was absolutely mesmerizing. Don't miss it.,Positive
I was hooked from the very first minute. I particularly loved how the lighting was handled. A definitive 10/10.,I was hooked from the very outset moment . I particularly know how the lighting was handled . A definitive 10/10 .,Positive
I was hooked from the very first minute. I particularly loved how the lighting was handled. A definitive 10/10.,I was hooked from the first minute. I especially liked how the lighting was handled. A definite 10/10.,Positive
This movie is a triumph in every sense. I will be thinking about this for days.,This movie is a triumph in every feel . I will comprise thinking about this for days .,Positive
This movie is a triumph in every sense. I will be thinking about this for days.,This film is a triumph in every sense. I will be thinking about this for days.,Positive
"Wow, just wow. A must-watch for fans of the genre.","Wow , only wow . A must-watch for fans of the genre .",Positive
"I was hooked from the very first minute. Every scene felt earned, and the pacing was delightful. Do yourself a favor and go see this.","I be pilfer from the very first minute . Every panorama felt earned , and the pacing WA delightful . Do yourself a favor and go see this .",Positive
"I was hooked from the very first minute. Every scene felt earned, and the pacing was delightful. Do yourself a favor and go see this.","I was hooked from the first minute. Every scene felt earned, and the pacing was enjoyable. Do yourself a favor and go see it.",Positive
This movie is a triumph in every sense. The lead actor delivered a phenomenal performance. A must-watch for fans of the genre.,This pic comprise a triumph in every sense . The lead actor delivered a phenomenal performance . A must-watch for fans of the music genre .,Positive
This movie is a triumph in every sense. The lead actor delivered a phenomenal performance. A must-watch for fans of the genre.,This film is a triumph in every sense. The lead actor gave an amazing performance. A must-watch for fans of the genre.,Positive
It managed to be phenomenal without trying too hard. I was completely blown away by this film.,It managed to constitute phenomenal without trying too intemperate . I was completely blown away by this film .,Positive
It managed to be phenomenal without trying too hard. I was completely blown away by this film.,It managed to be phenomenal without trying too hard. I was completely enthralled by this film.,Positive
I was completely blown away by this film. It managed to be superb without trying too hard. Two thumbs way up.,I was completely blown away by this pic . It managed to be superb without judge too hard . Two quarter round way up .,Positive
I was completely blown away by this film. It managed to be superb without trying too hard. Two thumbs way up.,I was completely enthralled by this film. It managed to be great without trying too hard. Two thumbs up.,Positive
"Wow, just wow. The chemistry between the cast was refreshing. Two thumbs way up.","Wow , just wow . The chemistry between the cast was refreshing . Two flip way improving .",Positive
"Wow, just wow. The chemistry between the cast was refreshing. Two thumbs way up.","Wow, just wow. The chemistry between the actors was refreshing. Two thumbs up.",Positive
The lead actor delivered a gripping performance. I was hooked from the very first minute.,The lead actor delivered a riveting performance . I was cabbage from the very first minute .,Positive
The lead actor delivered a gripping performance. I was hooked from the very first minute.,The lead actor gave an entertaining performance. I was hooked from the first minute.,Positive
An absolute joy to watch from start to finish. The lead actor delivered a iconic performance. It deserves all the awards it's getting.,An absolute joy to watch from start to finish . The atomic number 82 doer delivered a iconic performance . It merit all the honour it 's getting .,Positive
An absolute joy to watch from start to finish. The lead actor delivered a iconic performance. It deserves all the awards it's getting.,An absolute joy to watch from beginning to end. The lead actor gave an iconic performance. It deserves all the awards it gets.,Positive
I was hooked from the very first minute. It perfectly balances humor and drama. It deserves all the awards it's getting.,I cost hooked from the very first minute . It absolutely remainder humor and drama . It deserves all the awards it 's getting .,Positive
I was hooked from the very first minute. It perfectly balances humor and drama. It deserves all the awards it's getting.,I was hooked from the first minute. It balances comedy and drama perfectly. It deserves all the awards it gets.,Positive
"Wow, just wow. The chemistry between the cast was refreshing. A must-watch for fans of the genre.","Wow , just wow . The alchemy between the put was refreshing . A must-watch for fans of the musical style .",Positive
"Wow, just wow. The chemistry between the cast was refreshing. A must-watch for fans of the genre.","Wow, just wow. The chemistry between the actors was refreshing. A must-watch for fans of the genre.",Positive
I was hooked from the very first minute. It deserves all the awards it's getting.,I was hooked from the real first minute . It deserves all the awards it 's make .,Positive
I was hooked from the very first minute. It deserves all the awards it's getting.,I was hooked from the first minute. It deserves all the awards it gets.,Positive
The visual effects were masterful and added so much depth. I didn't expect to enjoy this as much as I did.,The visual core were masterful and added so much profoundness . I did n't expect to enjoy this as much as I exercise .,Positive
The visual effects were masterful and added so much depth. I didn't expect to enjoy this as much as I did.,The visual effects were excellent and added a lot of depth. I didn't expect to enjoy it so much.,Positive
I was hooked from the very first minute. Do yourself a favor and go see this.,I equal hooked from the very first minute . Do yourself a favor and go escort this .,Positive
I was hooked from the very first minute. Do yourself a favor and go see this.,I was hooked from the first minute. Do yourself a favor and go see it.,Positive
This movie is a triumph in every sense. Don't miss this one.,This movie embody a triumph in every sense . Do n't drop this one .,Positive
This movie is a triumph in every sense. Don't miss this one.,This film is a triumph in every sense. Don't miss it.,Positive
It managed to be breathtaking without trying too hard. I was completely blown away by this film.,It managed to be breathtaking without nerve-wracking too hard . I was totally blown away by this film .,Positive
It managed to be breathtaking without trying too hard. I was completely blown away by this film.,It managed to be breathtaking without trying too hard. I was completely enthralled by this film.,Positive
A refreshing take on a tired genre. Highly recommended for everyone.,A refreshing involve on a tired genre . Highly recommended for everyone .,Positive
A refreshing take on a tired genre. Highly recommended for everyone.,A refreshing take on a tired genre. Highly recommended for all.,Positive
I was completely blown away by this film. A definitive 10/10.,I represent completely blown away by this film . A definitive 10/10 .,Positive
I was completely blown away by this film. A definitive 10/10.,I was completely enthralled by this film. A definite 10/10.,Positive
The lead actor delivered a heartwarming performance. A cinematic masterpiece.,The lead actor delivered a heartwarming execution . A cinematic masterpiece .,Positive
The lead actor delivered a heartwarming performance. A cinematic masterpiece.,The lead actor gave a heart-touching performance. A cinematic masterpiece.,Positive
"The pacing was absolutely touching. Wow, just wow.","The pacing was perfectly touching . Wow , just wow .",Positive
"The pacing was absolutely touching. Wow, just wow.","The pace was absolutely poignant. Wow, just wow.",Positive
The visual effects were delightful and added so much depth. I was hooked from the quite first minute.,The visual effects were delightful and added so much depth . I Washington hooked from the quite outset arcminute .,Positive
The visual effects were delightful and added so much depth. I was hooked from the quite first minute.,The visual effects were enjoyable and added a lot of depth. I was hooked from the first minute.,Positive
"It perfectly balances humor and drama. Wow, simply wow.","It perfectly equilibrise humor and drama . Wow , simply wow .",Positive
"It perfectly balances humor and drama. Wow, simply wow.","It balances comedy and drama perfectly. Wow, just wow.",Positive
