review,label
This movie is a triumph in every sense. Highly recommended for everyone.,Positive
I have never been so bored in my life. The score was frankly cringe-worthy. Avoid this at all costs.,Negative
I was completely blown away by this film. The lead actor delivered a refreshing performance. I will be thinking about this for days.,Positive
The trailer was better than the movie. The acting was frankly tedious. A complete misfire.,Negative
"Middle of the road entertainment. Visually it's fine, but the story arc is just average. It is what it is.",Neutral
It perfectly balances humor and drama. I was hooked from the very first minute.,Positive
I have never been so bored in my life. Nothing about the opening scene worked. A complete misfire.,Negative
Nothing about the acting worked. What a complete waste of potential.,Negative
"It’s not a masterpiece, but it’s not a disaster either. The acting is fine, but the editing is a bit serviceable. You won't remember it a week from now.",Neutral
"Simply put, this is cinema at its finest. The chemistry between the cast was superb. Don't miss this one.",Positive
"I oscillated between loving and hating this film. I respect the ambition, even if it didn't fully land.",Neutral
"The acting was gripping, yet the acting felt dull. This is a very difficult movie to categorize.",Neutral
"It tries to be deep, but comes off as dull despite the gripping music. A strange experience overall.",Negative
"Wow, just wow. Every scene felt earned, and the costume design was masterful. Two thumbs way up.",Positive
I am confused about how I feel. It left me puzzled.,Neutral
"The direction was typical, but nothing special. Middle of the road entertainment.",Neutral
Total garbage. Zero stars if I could give it.,Negative
I didn't expect to enjoy this as much as I did. I particularly loved how the cinematography was handled. Don't miss this one.,Positive
"I tried to like it, I really did, but it failed. I walked out halfway through.",Negative
I am confused about how I feel. Your mileage may vary significantly.,Neutral
I have mixed feelings about this one. You won't remember it a week from now.,Neutral
I didn't expect to enjoy this as much as I did. It perfectly balances humor and drama. Do yourself a favor and go see this.,Positive
The costume design distracted me from everything else. I struggled to sit through the first half.,Negative
The visual effects were superb and added so much depth. This movie is a triumph in every sense.,Positive
"Wow, just wow. It perfectly balances humor and drama. A must-watch for fans of the genre.",Positive
I have never been so bored in my life. Utterly disappointing.,Negative
A refreshing take on a tired genre. Don't miss this one.,Positive
"Ideally, this should have been great, but something was off. I think I need to watch it again to decide.",Neutral
What a complete waste of potential. It’s a hard pass from me.,Negative
"Great concept, but the execution was jarring. It’s a weird mix of brilliance and stupidity.",Neutral
"Ideally, this should have been great, but something was off. It tries to be deep, but comes off as amateurish despite the flawless music. I think I need to watch it again to decide.",Neutral
"This is a very difficult movie to categorize. The first half was intense, but the ending was tedious. Your mileage may vary significantly.",Neutral
"This is a very difficult movie to categorize. The first half was phenomenal, but the ending was cheap. It’s definitely not for everyone.",Neutral
This might be the worst thing I've seen all year. The plot holes were glaring and the cinematography was pretentious. Avoid this at all costs.,Negative
"I am confused about how I feel. The first half was flawless, but the ending was nonsensical. I think I need to watch it again to decide.",Neutral
"The acting is fine, but the story arc is a bit formulaic. It was a decent way to kill an afternoon.",Neutral
It perfectly balances humor and drama. This movie is a triumph in every sense.,Positive
A frustrating experience. Avoid this at all costs.,Negative
"A strange experience overall. While the editing shines, the rest is uninspired. It’s definitely not for everyone.",Neutral
"Every scene felt earned, and the opening scene was heartwarming. A cinematic masterpiece.",Positive
"Visually it's fine, but the editing is just adequate. It was a decent way to kill an afternoon.",Neutral
"Wow, just wow. I particularly loved how the pacing was handled. A must-watch for fans of the genre.",Positive
"The CGI was okay, but forgettable. I walked in with low expectations and they were met.",Neutral
"Great concept, but the execution was clichéd. Ideally, this should have been great, but something was off.",Neutral
I am confused about how I feel. A polarizing experience for sure.,Neutral
"I tried to like it, I really did, but it failed. The cinematography distracted me from everything else. A complete misfire.",Negative
"It was... fine. It has some good moments, especially the costume design. It’s okay if you have nothing else to do.",Neutral
This movie is a triumph in every sense. The visual effects were refreshing and added so much depth. A definitive 10/10.,Positive
It felt like a rough draft that was never edited. I struggled to sit through the first half.,Negative
"Great concept, but the execution was jarring. I oscillated between loving and hating this film.",Neutral
An absolute joy to watch from start to finish. Two thumbs way up.,Positive
"I'm honestly still trying to process what I just saw. The first half was heartwarming, but the ending was unbearable. Your mileage may vary significantly.",Neutral
"I tried to like it, I really did, but it failed. I couldn't get past the nonsensical soundtrack. I walked out halfway through.",Negative
"Ideally, this should have been great, but something was off. It’s definitely not for everyone.",Neutral
"Finally, a movie that respects the audience. Two thumbs way up.",Positive
I oscillated between loving and hating this film. It’s definitely not for everyone.,Neutral
I was completely blown away by this film. Don't miss this one.,Positive
"Finally, a movie that respects the audience. The lead actor delivered a flawless performance. It deserves all the awards it's getting.",Positive
Total garbage. A complete misfire.,Negative
An absolute train wreck of a movie. I couldn't get past the tedious score. Zero stars if I could give it.,Negative
Standard fare for this type of movie. Wait for it to come out on streaming.,Neutral
I have never been so bored in my life. Do not bother.,Negative
"The acting was touching, yet the dialogue felt nonsensical. I oscillated between loving and hating this film.",Neutral
It doesn't leave a lasting impression. It serves its purpose as popcorn filler.,Neutral
"It serves its purpose as popcorn filler. If you're bored, give it a shot.",Neutral
Standard fare for this type of movie. It doesn't leave a lasting impression. 6/10 at best.,Neutral
"I walked in with low expectations and they were met. While the story arc was good, the rest felt so-so. Acceptable, but forgettable.",Neutral
"It was... fine. It follows the standard formula without taking risks. If you're bored, give it a shot.",Neutral
"It managed to be flawless without trying too hard. Finally, a movie that respects the audience.",Positive
The soundtrack was frankly disjointed. Total garbage.,Negative
"Great concept, but the execution was clichéd. I'm honestly still trying to process what I just saw.",Neutral
The direction was frankly uninspired. I want my two hours back.,Negative
"It has some good moments, especially the direction. I have mixed feelings about this one.",Neutral
It perfectly balances humor and drama. I was completely blown away by this film.,Positive
"I'm honestly still trying to process what I just saw. I respect the ambition, even if it didn't fully land.",Neutral
A cinematic masterpiece. The visual effects were superb and added so much depth. Do yourself a favor and go see this.,Positive
I didn't expect to enjoy this as much as I did. Highly recommended for everyone.,Positive
Standard fare for this type of movie. Good for a one-time watch.,Positive
The plot holes were glaring and the direction was lifeless. What a complete waste of potential.,Negative
"A strange experience overall. I respect the ambition, even if it didn't fully land.",Neutral
A strange experience overall. A polarizing experience for sure.,Neutral
"I am confused about how I feel. It tries to be deep, but comes off as clichéd despite the refreshing music. I think I need to watch it again to decide.",Neutral
I have mixed feelings about this one. 6/10 at best.,Neutral
I struggled to sit through the first half. A complete misfire.,Negative
An absolute joy to watch from start to finish. Highly recommended for everyone.,Positive
A frustrating experience. Zero stars if I could give it.,Negative
An absolute train wreck of a movie. Nothing about the opening scene worked. I wouldn't recommend this to my worst enemy.,Negative
"It was... fine. It has some good moments, especially the character development. It is what it is.",Neutral
An absolute train wreck of a movie. The dialogue distracted me from everything else. Zero stars if I could give it.,Negative
This movie is a triumph in every sense. The lead actor delivered a memorable performance. Don't miss this one.,Positive
"The screenplay was okay, but forgettable. It was... fine.",Neutral
A cinematic masterpiece. The lead actor delivered a gripping performance. I will be thinking about this for days.,Positive
I was hooked from the very first minute. It managed to be vibrant without trying too hard. I can't wait to see it again.,Positive
It doesn't leave a lasting impression. Middle of the road entertainment.,Neutral
"It’s a weird mix of brilliance and stupidity. It tries to be deep, but comes off as jarring despite the iconic music. It’s definitely not for everyone.",Neutral
"While the lighting shines, the rest is convoluted. I am confused about how I feel.",Neutral
"It’s a weird mix of brilliance and stupidity. While the screenplay shines, the rest is tedious. A polarizing experience for sure.",Neutral
"The acting is fine, but the costume design is a bit middle-of-the-road. It’s not a masterpiece, but it’s not a disaster either.",Neutral
"It’s a weird mix of brilliance and stupidity. While the screenplay shines, the rest is forgetable. I respect the ambition, even if it didn't fully land.",Neutral
I was hooked from the very first minute. I can't wait to see it again.,Positive
"It’s a weird mix of brilliance and stupidity. Great concept, but the execution was lazy. I respect the ambition, even if it didn't fully land.",Neutral
I struggled to sit through the first half. Nothing about the acting worked. I wouldn't recommend this to my worst enemy.,Negative
I struggled to sit through the first half. The cinematography distracted me from everything else. Avoid this at all costs.,Negative
"I'm honestly still trying to process what I just saw. The acting was phenomenal, yet the CGI felt nonsensical. It left me puzzled.",Negative
A refreshing take on a tired genre. It perfectly balances humor and drama. A must-watch for fans of the genre.,Negative
The visual effects were delightful and added so much depth. I was hooked from the very first minute.,Positive
"I couldn't get past the lazy character development. I tried to like it, I really did, but it failed.",Negative
"While the cinematography was good, the rest felt plain. I have mixed feelings about this one.",Neutral
"The lead actor delivered a delightful performance. Wow, just wow.",Positive
"The visuals were refreshing, but the story was dull. A strange experience overall.",Negative
"It’s a weird mix of brilliance and stupidity. It tries to be deep, but comes off as amateurish despite the phenomenal music. Your mileage may vary significantly.",Neutral
"It was... fine. The acting is fine, but the CGI is a bit unremarkable. Acceptable, but forgettable.",Neutral
A refreshing take on a tired genre. It perfectly balances humor and drama. I will be thinking about this for days.,Negative
"I oscillated between loving and hating this film. The acting was stunning, yet the dialogue felt horrible. Your mileage may vary significantly.",Negative
"It’s a weird mix of brilliance and stupidity. While the story arc shines, the rest is jarring. It’s definitely not for everyone.",Neutral
"I oscillated between loving and hating this film. Great concept, but the execution was wooden. A polarizing experience for sure.",Neutral
This movie is a triumph in every sense. The costume design was absolutely flawless. Do yourself a favor and go see this.,Positive
The visual effects were stellar and added so much depth. I was hooked from the very first minute.,Positive
"I have mixed feelings about this one. Visually it's fine, but the score is just typical. It is what it is.",Neutral
"Simply put, this is cinema at its finest. Two thumbs way up.",Negative
"The dialogue was absolutely phenomenal. Wow, just wow.",Positive
"The story arc was okay, but forgettable. Standard fare for this type of movie.",Neutral
I couldn't get past the unbearable lighting. What a complete waste of potential.,Negative
A cinematic masterpiece. A must-watch for fans of the genre.,Negative
The CGI distracted me from everything else. Total garbage.,Negative
"I'm honestly still trying to process what I just saw. The first half was refreshing, but the ending was dull. It left me puzzled.",Negative
"Visually it's fine, but the screenplay is just passable. It serves its purpose as popcorn filler.",Neutral
I struggled to sit through the first half. Save your money and watch something else.,Negative
"The visuals were iconic, but the story was confusing. A strange experience overall.",Negative
"I am confused about how I feel. The acting was compelling, yet the CGI felt cheap. It’s definitely not for everyone.",Neutral
"It follows the standard formula without taking risks. Neither good nor bad, just exists.",Negative
"I have mixed feelings about this one. While the costume design was good, the rest felt mediocre. Acceptable, but forgettable.",Neutral
"It has some good moments, especially the lighting. Standard fare for this type of movie.",Negative
"The cinematography was mediocre, but nothing special. I walked in with low expectations and they were met.",Negative
"Simply put, this is cinema at its finest. A must-watch for fans of the genre.",Negative
"It’s a weird mix of brilliance and stupidity. While the editing shines, the rest is horrible. I think I need to watch it again to decide.",Neutral
"The acting is fine, but the final act is a bit generic. It was... fine.",Neutral
A strange experience overall. It’s definitely not for everyone.,Negative
"Ideally, this should have been great, but something was off. The acting was phenomenal, yet the cinematography felt tedious. It left me puzzled.",Neutral
It’s a weird mix of brilliance and stupidity. It’s definitely not for everyone.,Negative
I struggled to sit through the first half. Avoid this at all costs.,Negative
The lead actor delivered a memorable performance. An absolute joy to watch from start to finish.,Positive
A cinematic masterpiece. The lead actor delivered a touching performance. A must-watch for fans of the genre.,Positive
The screenplay was frankly pretentious. A frustrating experience.,Negative
"The pacing was okay, but forgettable. Middle of the road entertainment.",Neutral
I couldn't get past the disjointed lighting. I want my two hours back.,Negative
"It was a decent way to kill an afternoon. While the pacing was good, the rest felt passable. Wait for it to come out on streaming.",Neutral
This is a very difficult movie to categorize. A polarizing experience for sure.,Neutral
A refreshing take on a tired genre. It managed to be solid without trying too hard. Highly recommended for everyone.,Positive
"I'm honestly still trying to process what I just saw. The first half was gripping, but the ending was lazy. It’s definitely not for everyone.",Negative
"The visuals were stellar, but the story was wooden. I'm honestly still trying to process what I just saw.",Negative
"It was... fine. It has some good moments, especially the acting. Wait for it to come out on streaming.",Neutral
I particularly loved how the lighting was handled. A cinematic masterpiece.,Negative
"It perfectly balances humor and drama. Wow, just wow.",Positive
"It’s a weird mix of brilliance and stupidity. While the final act shines, the rest is horrible. I respect the ambition, even if it didn't fully land.",Neutral
Middle of the road entertainment. It doesn't leave a lasting impression. Wait for it to come out on streaming.,Neutral
"The lead actor delivered a flawless performance. Finally, a movie that respects the audience.",Positive
"While the final act shines, the rest is cringe-worthy. Ideally, this should have been great, but something was off.",Neutral
It relies too heavily on cheap tropes and lifeless writing. This might be the worst thing I've seen all year.,Negative
"I have mixed feelings about this one. The cinematography was adequate, but nothing special. If you're bored, give it a shot.",Negative
"This is a very difficult movie to categorize. The first half was phenomenal, but the ending was cheap. I respect the ambition, even if it didn't fully land.",Neutral
I couldn't get past the lifeless story arc. The trailer was better than the movie.,Negative
A frustrating experience. The soundtrack distracted me from everything else. A complete misfire.,Negative
I was completely blown away by this film. The opening scene was absolutely compelling. Don't miss this one.,Positive
A frustrating experience. I couldn't get past the wooden cinematography. I wouldn't recommend this to my worst enemy.,Negative
It follows the standard formula without taking risks. It was... fine.,Neutral
I was hooked from the very first minute. I particularly loved how the lighting was handled. A definitive 10/10.,Positive
"It’s not a masterpiece, but it’s not a disaster either. If you're bored, give it a shot.",Negative
"The acting was heartwarming, yet the story arc felt cringe-worthy. I'm honestly still trying to process what I just saw.",Negative
I walked in with low expectations and they were met. Wait for it to come out on streaming.,Negative
"It has some good moments, especially the cinematography. Neither good nor bad, just exists.",Negative
"It doesn't leave a lasting impression. Neither good nor bad, just exists.",Negative
"The story arc was frankly tedious. I tried to like it, I really did, but it failed.",Negative
"While the lighting was good, the rest felt average. It was a decent way to kill an afternoon.",Neutral
This movie is a triumph in every sense. I will be thinking about this for days.,Positive
"I tried to like it, I really did, but it failed. The pacing distracted me from everything else. It’s a hard pass from me.",Negative
"Wow, just wow. A must-watch for fans of the genre.",Positive
"I have mixed feelings about this one. The acting is fine, but the costume design is a bit watchable. Good for a one-time watch.",Neutral
"It serves its purpose as popcorn filler. It has some good moments, especially the lighting. If you're bored, give it a shot.",Negative
"A strange experience overall. While the CGI shines, the rest is cheap. It’s definitely not for everyone.",Neutral
"I was hooked from the very first minute. Every scene felt earned, and the pacing was delightful. Do yourself a favor and go see this.",Positive
"Neither good nor bad, just exists. Acceptable, but forgettable.",Neutral
An absolute joy to watch from start to finish. It managed to be phenomenal without trying too hard. I will be thinking about this for days.,Negative
A refreshing take on a tired genre. I can't wait to see it again.,Negative
I struggled to sit through the first half. Nothing about the direction worked. Do not bother.,Negative
I have never been so bored in my life. A complete misfire.,Negative
This movie is a triumph in every sense. The lead actor delivered a phenomenal performance. A must-watch for fans of the genre.,Positive
"A refreshing take on a tired genre. Every scene felt earned, and the lighting was solid. I can't wait to see it again.",Negative
"It serves its purpose as popcorn filler. The dialogue was standard, but nothing special. Acceptable, but forgettable.",Neutral
"While the character development shines, the rest is amateurish. Ideally, this should have been great, but something was off.",Neutral
I have mixed feelings about this one. Wait for it to come out on streaming.,Negative
"It’s a weird mix of brilliance and stupidity. I respect the ambition, even if it didn't fully land.",Negative
It managed to be phenomenal without trying too hard. I was completely blown away by this film.,Positive
"It was... fine. If you're bored, give it a shot.",Neutral
I was completely blown away by this film. It managed to be superb without trying too hard. Two thumbs way up.,Positive
"The score was frankly convoluted. I tried to like it, I really did, but it failed.",Negative
The CGI distracted me from everything else. The trailer was better than the movie.,Negative
An absolute train wreck of a movie. It felt like a rough draft that was never edited. I walked out halfway through.,Negative
I have mixed feelings about this one. Good for a one-time watch.,Negative
"The acting was solid, yet the opening scene felt pretentious. Ideally, this should have been great, but something was off.",Neutral
"Ideally, this should have been great, but something was off. It tries to be deep, but comes off as wooden despite the intense music. I respect the ambition, even if it didn't fully land.",Neutral
"I'm honestly still trying to process what I just saw. The visuals were flawless, but the story was amateurish. Your mileage may vary significantly.",Negative
"A strange experience overall. While the dialogue shines, the rest is disjointed. I respect the ambition, even if it didn't fully land.",Neutral
"Neither good nor bad, just exists. Wait for it to come out on streaming.",Negative
Standard fare for this type of movie. It doesn't leave a lasting impression. Good for a one-time watch.,Negative
"It serves its purpose as popcorn filler. It has some good moments, especially the direction. Wait for it to come out on streaming.",Negative
"It has some good moments, especially the story arc. Standard fare for this type of movie.",Negative
"Wow, just wow. The chemistry between the cast was refreshing. Two thumbs way up.",Positive
I want my two hours back. It’s a hard pass from me.,Negative
"The visuals were stellar, but the story was dull. It’s a weird mix of brilliance and stupidity.",Negative
"It’s a weird mix of brilliance and stupidity. While the final act shines, the rest is uninspired. I think I need to watch it again to decide.",Neutral
This might be the worst thing I've seen all year. I walked out halfway through.,Negative
This might be the worst thing I've seen all year. It relies too heavily on cheap tropes and tedious writing. Save your money and watch something else.,Neutral
Nothing about the cinematography worked. The trailer was better than the movie.,Negative
An absolute joy to watch from start to finish. It deserves all the awards it's getting.,Negative
"The acting is fine, but the cinematography is a bit generic. It’s not a masterpiece, but it’s not a disaster either.",Neutral
I walked in with low expectations and they were met. Good for a one-time watch.,Negative
The trailer was better than the movie. I wouldn't recommend this to my worst enemy.,Negative
A cinematic masterpiece. The editing was absolutely intense. A must-watch for fans of the genre.,Negative
I have never been so bored in my life. Zero stars if I could give it.,Negative
It was... fine. It doesn't leave a lasting impression. Good for a one-time watch.,Neutral
The lead actor delivered a gripping performance. I was hooked from the very first minute.,Positive
I walked in with low expectations and they were met. It is what it is.,Negative
"It has some good moments, especially the pacing. It’s not a masterpiece, but it’s not a disaster either.",Negative
It felt like a rough draft that was never edited. What a complete waste of potential.,Negative
The opening scene was frankly unbearable. Total garbage.,Negative
"The score was serviceable, but nothing special. Middle of the road entertainment.",Neutral
"I tried to like it, I really did, but it failed. The plot holes were glaring and the character development was convoluted. Save your money and watch something else.",Negative
"I oscillated between loving and hating this film. While the screenplay shines, the rest is dull. It left me puzzled.",Neutral
"It managed to be breathtaking without trying too hard. Finally, a movie that respects the audience.",Negative
"Simply put, this is cinema at its finest. I can't wait to see it again.",Negative
The trailer was better than the movie. Do not bother.,Negative
An absolute joy to watch from start to finish. The lead actor delivered a iconic performance. It deserves all the awards it's getting.,Positive
An absolute train wreck of a movie. The story arc distracted me from everything else. I wouldn't recommend this to my worst enemy.,Negative
"Ideally, this should have been great, but something was off. A polarizing experience for sure.",Neutral
"This is a very difficult movie to categorize. The acting was phenomenal, yet the direction felt convoluted. A polarizing experience for sure.",Neutral
"The visuals were delightful, but the story was cringe-worthy. I am confused about how I feel.",Neutral
I was hooked from the very first minute. It perfectly balances humor and drama. It deserves all the awards it's getting.,Positive
An absolute train wreck of a movie. A complete misfire.,Negative
The trailer was better than the movie. The costume design was frankly lazy. It’s a hard pass from me.,Negative
It relies too heavily on cheap tropes and clichéd writing. An absolute train wreck of a movie.,Negative
I walked in with low expectations and they were met. It follows the standard formula without taking risks. You won't remember it a week from now.,Negative
"Wow, just wow. The chemistry between the cast was refreshing. A must-watch for fans of the genre.",Positive
I want my two hours back. Zero stars if I could give it.,Negative
"The soundtrack was decent, but nothing special. It was... fine.",Neutral
An absolute joy to watch from start to finish. I can't wait to see it again.,Negative
An absolute train wreck of a movie. Utterly disappointing.,Negative
Total garbage. I walked out halfway through.,Negative
"The chemistry between the cast was gripping. Simply put, this is cinema at its finest.",Negative
I struggled to sit through the first half. It felt like a rough draft that was never edited. Avoid this at all costs.,Negative
"It’s not a masterpiece, but it’s not a disaster either. Good for a one-time watch.",Negative
"I tried to like it, I really did, but it failed. The final act distracted me from everything else. Zero stars if I could give it.",Negative
I was hooked from the very first minute. It deserves all the awards it's getting.,Positive
It relies too heavily on cheap tropes and dull writing. An absolute train wreck of a movie.,Negative
"Neither good nor bad, just exists. If you're bored, give it a shot.",Negative
The visual effects were masterful and added so much depth. I didn't expect to enjoy this as much as I did.,Positive
This might be the worst thing I've seen all year. The plot holes were glaring and the score was dull. Do not bother.,Negative
The score distracted me from everything else. This might be the worst thing I've seen all year.,Negative
I struggled to sit through the first half. Zero stars if I could give it.,Negative
"Middle of the road entertainment. Visually it's fine, but the lighting is just generic. Good for a one-time watch.",Neutral
I'm honestly still trying to process what I just saw. I think I need to watch it again to decide.,Negative
Total garbage. Do not bother.,Negative
I was hooked from the very first minute. Do yourself a favor and go see this.,Positive
A cinematic masterpiece. Do yourself a favor and go see this.,Negative
"Finally, a movie that respects the audience. The chemistry between the cast was iconic. It deserves all the awards it's getting.",Negative
"Ideally, this should have been great, but something was off. It left me puzzled.",Neutral
"Ideally, this should have been great, but something was off. While the cinematography shines, the rest is lazy. Your mileage may vary significantly.",Neutral
"I am confused about how I feel. While the direction shines, the rest is cringe-worthy. It’s definitely not for everyone.",Neutral
This movie is a triumph in every sense. Don't miss this one.,Positive
"The acting was intense, yet the screenplay felt unbearable. I'm honestly still trying to process what I just saw.",Negative
It relies too heavily on cheap tropes and disjointed writing. An absolute train wreck of a movie.,Negative
It managed to be breathtaking without trying too hard. I was completely blown away by this film.,Positive
"The visuals were stellar, but the story was cringe-worthy. I am confused about how I feel.",Neutral
"It felt like a rough draft that was never edited. I tried to like it, I really did, but it failed.",Negative
It follows the standard formula without taking risks. I have mixed feelings about this one.,Negative
"It tries to be deep, but comes off as lifeless despite the solid music. I'm honestly still trying to process what I just saw.",Negative
I want my two hours back. It relies too heavily on cheap tropes and horrible writing. Utterly disappointing.,Negative
"Finally, a movie that respects the audience. It managed to be breathtaking without trying too hard. I can't wait to see it again.",Negative
"Standard fare for this type of movie. The acting is fine, but the lighting is a bit decent. 6/10 at best.",Neutral
It serves its purpose as popcorn filler. It doesn't leave a lasting impression. 6/10 at best.,Negative
I struggled to sit through the first half. Do not bother.,Negative
I walked in with low expectations and they were met. You won't remember it a week from now.,Negative
"It was... fine. It has some good moments, especially the costume design. 6/10 at best.",Neutral
A refreshing take on a tired genre. Highly recommended for everyone.,Positive
"I oscillated between loving and hating this film. It tries to be deep, but comes off as jarring despite the breathtaking music. It left me puzzled.",Neutral
"It tries to be deep, but comes off as nonsensical despite the stunning music. A strange experience overall.",Negative
"While the pacing was good, the rest felt adequate. Middle of the road entertainment.",Neutral
"The acting is fine, but the story arc is a bit adequate. It was a decent way to kill an afternoon.",Neutral
"The character development was decent, but nothing special. It’s not a masterpiece, but it’s not a disaster either.",Negative
"Standard fare for this type of movie. While the opening scene was good, the rest felt mediocre. Acceptable, but forgettable.",Neutral
The trailer was better than the movie. The cinematography distracted me from everything else. A complete misfire.,Negative
"It tries to be deep, but comes off as amateurish despite the vibrant music. I oscillated between loving and hating this film.",Neutral
"The acting was vibrant, yet the acting felt confusing. I'm honestly still trying to process what I just saw.",Negative
"It serves its purpose as popcorn filler. Visually it's fine, but the acting is just average. It is what it is.",Neutral
This might be the worst thing I've seen all year. The story arc was frankly tedious. I wouldn't recommend this to my worst enemy.,Negative
Total garbage. Save your money and watch something else.,Negative
"I have mixed feelings about this one. The acting is fine, but the opening scene is a bit generic. It’s okay if you have nothing else to do.",Neutral
I'm honestly still trying to process what I just saw. It left me puzzled.,Negative
"I oscillated between loving and hating this film. The acting was compelling, yet the final act felt disjointed. I respect the ambition, even if it didn't fully land.",Neutral
"I oscillated between loving and hating this film. The visuals were vibrant, but the story was amateurish. I respect the ambition, even if it didn't fully land.",Neutral
A refreshing take on a tired genre. A definitive 10/10.,Negative
"The acting was expertly crafted, yet the story arc felt lifeless. It’s a weird mix of brilliance and stupidity.",Negative
"The visuals were delightful, but the story was cheap. I oscillated between loving and hating this film.",Neutral
"While the character development was good, the rest felt generic. Standard fare for this type of movie.",Neutral
Nothing about the direction worked. What a complete waste of potential.,Negative
"It has some good moments, especially the cinematography. I have mixed feelings about this one.",Negative
"The chemistry between the cast was stellar. Simply put, this is cinema at its finest.",Negative
"Great concept, but the execution was wooden. A strange experience overall.",Neutral
I walked in with low expectations and they were met. It’s okay if you have nothing else to do.,Neutral
"I tried to like it, I really did, but it failed. Save your money and watch something else.",Negative
"While the editing shines, the rest is lifeless. This is a very difficult movie to categorize.",Neutral
I was completely blown away by this film. A definitive 10/10.,Positive
"Finally, a movie that respects the audience. I particularly loved how the costume design was handled. Do yourself a favor and go see this.",Negative
The screenplay distracted me from everything else. I struggled to sit through the first half.,Negative
It doesn't leave a lasting impression. It was... fine.,Neutral
This might be the worst thing I've seen all year. The plot holes were glaring and the score was lazy. Zero stars if I could give it.,Negative
"Neither good nor bad, just exists. It is what it is.",Negative
The lead actor delivered a heartwarming performance. A cinematic masterpiece.,Positive
"The pacing was absolutely touching. Wow, just wow.",Positive
A frustrating experience. The plot holes were glaring and the dialogue was tedious. Utterly disappointing.,Negative
"In my opinion, i struggled to sit through the first half. Avoid this at all costs.",Negative
The visual effects were delightful and added so much depth. I was hooked from the quite first minute.,Positive
"It perfectly balances humor and drama. Wow, simply wow.",Positive
"To be fair, it’s a weird mix of brilliance and stupidity. Great concept, but the execution was lazy. I respect the ambition, even if it didn't fully land.",Neutral
"In my opinion, a frustrating experience. The soundtrack distracted me from everything else. A complete misfire.",Negative
"I oscillated between loving and hating this movie. Great concept, but the execution was wooden. A polarizing experience for sure.",Neutral
"Overall, i struggled to sit through the first half. It felt like a rough draft that was never edited. Avoid this at all costs.",Negative
"Honestly, middle of the road entertainment. It doesn't leave a lasting impression. Wait for it to come out on streaming.",Neutral
This motion-picture show is a triumph in every sense . Highly commend for everyone .,Positive
This film is a triumph in every sense. Highly recommended for all.,Positive
I was completely bluster aside by this film . The lead actor delivered a refreshing performance . I will be thinking about this for solar day .,Positive
I was completely enthralled by this film. The lead actor gave a refreshing performance. I will be thinking about this for days.,Positive
It perfectly proportion humor and drama . I was hooked from the very first bit .,Positive
It balances comedy and drama perfectly. I was hooked from the first minute.,Positive
"just frame , this is cinema at its finest . The chemistry between the cast was superb . Do n't pretermit this one .",Positive
"Simply put, this is cinema at its peak. The chemistry between the actors was fantastic. Don't miss it.",Positive
"Wow , just wow . Every picture felt earned , and the costume design be masterful . Two ovolo way up .",Positive
"Wow, just wow. Every scene felt earned, and the costume design was excellent. Two thumbs up.",Positive
I did n't expect to enjoy this arsenic a good deal as I did . I particularly have it away how the cinematography Washington handled . Do n't miss this one .,Positive
I didn't expect to enjoy it so much. I especially liked how the cinematography was handled. Don't miss it.,Positive
I did n't expect to enjoy this as a lot as I coif . It utterly balances humor and drama . Do yourself a favour and go see this .,Positive
I didn't expect to enjoy it so much. It balances comedy and drama perfectly. Do yourself a favor and go see it.,Positive
The visual set up were superb and added so much profundity . This movie is a triumph in every common sense .,Positive
The visual effects were spectacular and had a lot of depth. This film is a triumph in every sense.,Positive
"howler , just wow . It perfectly remainder temper and drama . A must-watch for fans of the genre .",Positive
"Wow, just wow. It balances comedy and drama perfectly. A must-watch for fans of the genre.",Positive
A refreshen take on a tired writing style . Do n't miss this one .,Positive
A refreshing take on a tired genre. Don't miss it.,Positive
It perfectly balances humor and drama . This flick follow a triumph in every sense .,Positive
It balances comedy and drama perfectly. This film is a triumph in every sense.,Positive
"Every tantrum felt earned , and the possible action scene was heartwarming . A cinematic masterpiece .",Positive
Every scene felt earned and the opening scene was heart-touching. A cinematic masterpiece.,Positive
"Wow , just now wow . I in particular loved how the pacing comprise handled . A must-watch for fans of the genre .",Positive
"Wow, just wow. I especially liked how the speed was controlled. A must-watch for fans of the genre.",Positive
This movie is a exult in every sense . The visual set up were refreshing and added so much depth . A classical 10/10 .,Positive
This film is a triumph in every sense. The visual effects were fresh and had a lot of depth. A definite 10/10.,Positive
An absolute rejoice to watch from start to polish . Two thumbs way up .,Positive
An absolute joy to watch from beginning to end. Two thumbs up.,Positive
"Finally , a movie that respects the audience . Two riffle direction up .",Positive
"Ultimately, a film that respects the audience. Two thumbs up.",Positive
I was completely blown outside by this film . Do n't pretermit this one .,Positive
I was completely enthralled by this film. Don't miss it.,Positive
"lastly , a movie that respects the audience . The lead doer delivered a flawless performance . It deserves all the accolade it 's getting .",Positive
"Ultimately, a film that respects the audience. The lead actor did a great job. It deserves all the awards it gets.",Positive
"It managed to be flawless without trying likewise hard . ultimately , a movie that respects the audience .",Positive
"It managed to be flawless without trying too hard. Ultimately, a film that respects the audience.",Positive
It perfectly balances humor and play . I was wholly blown away by this film .,Positive
It balances comedy and drama perfectly. I was completely enthralled by this film.,Positive
A cinematic masterpiece . The visual effects were superb and added thusly a good deal depth . Do yourself a prefer and go see this .,Positive
A cinematic masterpiece. The visual effects were spectacular and had a lot of depth. Do yourself a favor and go see it.,Positive
I did n't expect to enjoy this A very much as I did . Highly recommended for everyone .,Positive
I didn't expect to enjoy it so much. Highly recommended for all.,Positive
Standard fare for this type of picture show . Good for a one-time observe .,Positive
Standard fare for this type of movie. Nice to see once.,Positive
An absolute joy to picket from start to cease . Highly recommended for everyone .,Positive
An absolute joy to watch from beginning to end. Highly recommended for all.,Positive
This motion picture comprise a gloat in every sense . The lead actor delivered a memorable performance . Do n't miss this one .,Positive
This film is a triumph in every sense. The lead actor gave a memorable performance. Don't miss it.,Positive
A cinematic chef-d'oeuvre . The lead actor delivered a gripping execution . I will be thinking about this for day .,Positive
A cinematic masterpiece. The lead actor gave an entertaining performance. I will be thinking about this for days.,Positive
I Washington hooked from the very first infinitesimal . It managed to be vibrant without examine too strong . I ca n't wait to see it again .,Positive
I was hooked from the first minute. It managed to come alive without trying too hard. I can't wait to see it again.,Positive
I represent hooked from the very first minute . I ca n't await to see it again .,Positive
I was hooked from the first minute. I can't wait to see it again.,Positive
The ocular effects personify delightful and added so much profundity . I was hooked from the very first minute .,Positive
The visual effects were enjoyable and added a lot of depth. I was hooked from the first minute.,Positive
"The lead actor surrender a delightful performance . Wow , just wow .",Positive
"The lead actor gave a captivating performance. Wow, just wow.",Positive
This movie comprise a triumph in every sense . The dress up design was absolutely flawless . Do yourself a party favour and go see this .,Positive
This film is a triumph in every sense. The design of the dress was absolutely flawless. Do yourself a favor and go see it.,Positive
The visual effects exist stellar and added sol much depth . I was hooked from the very first second .,Positive
The visual effects were spectacular and had a lot of depth. I was hooked from the first minute.,Positive
"The dialogue was absolutely phenomenal . sidesplitter , just wow .",Positive
"The communication was absolutely amazing. Wow, just wow.",Positive
The lead-in actor delivered a memorable performance . An absolute joy to sentinel from start to finish .,Positive
The lead actor gave a memorable performance. An absolute joy to watch from beginning to end.,Positive
A cinematic masterpiece . The lead histrion present a touching performance . A must-watch for fans of the genre .,Positive
A cinematic masterpiece. The lead actor gave a touching performance. A must-watch for fans of the genre.,Positive
A refreshing shoot on a tired genre . It managed to be solid without examine too hard . Highly recommended for everyone .,Positive
A refreshing take on a tired genre. It managed to be solid without much effort. Highly recommended for all.,Positive
"It perfectly balances humor and drama . Wow , just thigh-slapper .",Positive
"It balances comedy and drama perfectly. Wow, just wow.",Positive
"The lead actor return a flawless performance . Finally , a movie that obedience the audience .",Positive
"The lead actor did a great job. Ultimately, a film that respects the audience.",Positive
I was completely blown away by this motion-picture show . The opening scene was utterly compel . Do n't miss this one .,Positive
I was completely enthralled by this film. The opening scene was absolutely mesmerizing. Don't miss it.,Positive
I was hooked from the very 1st narrow . I particularly enjoy how the lighting was handled . A definitive 10/10 .,Positive
I was hooked from the first minute. I especially liked how the lighting was handled. A definite 10/10.,Positive
This movie is a triumph in every sentience . I will cost thinking about this for days .,Positive
This film is a triumph in every sense. I will be thinking about this for days.,Positive
"Wow , merely wow . A must-watch for fans of the genre .",Positive
"I exist overcharge from the very first minute . Every prospect felt earned , and the pacing follow delightful . Do yourself a favor and go see this .",Positive
"I was hooked from the first minute. Every scene felt earned, and the pacing was enjoyable. Do yourself a favor and go see it.",Positive
This picture show cost a triumph in every sense . The lead actor delivered a phenomenal performance . A must-watch for fans of the musical style .,Positive
This film is a triumph in every sense. The lead actor gave an amazing performance. A must-watch for fans of the genre.,Positive
It managed to glucinium phenomenal without trying too severe . I was completely blown away by this film .,Positive
It managed to be phenomenal without trying too hard. I was completely enthralled by this film.,Positive
I was completely blown away by this shoot . It managed to be superb without seek too hard . Two pollex way up .,Positive
I was completely enthralled by this film. It managed to be great without trying too hard. Two thumbs up.,Positive
"Wow , just wow . The chemistry between the cast was refreshing . Two riff way upwards .",Positive
"Wow, just wow. The chemistry between the actors was refreshing. Two thumbs up.",Positive
The lead actor delivered a grapple performance . I was gazump from the very first minute .,Positive
The lead actor gave an entertaining performance. I was hooked from the first minute.,Positive
An absolute joy to watch from start to finish . The principal role player delivered a iconic performance . It merit all the prize it 's getting .,Positive
An absolute joy to watch from beginning to end. The lead actor gave an iconic performance. It deserves all the awards it gets.,Positive
I Washington hooked from the very first minute . It utterly equilibrise humor and drama . It deserves all the awards it 's getting .,Positive
I was hooked from the first minute. It balances comedy and drama perfectly. It deserves all the awards it gets.,Positive
"Wow , just wow . The interpersonal chemistry between the regurgitate was refreshing . A must-watch for fans of the musical genre .",Positive
"Wow, just wow. The chemistry between the actors was refreshing. A must-watch for fans of the genre.",Positive
I was hooked from the selfsame first minute . It deserves all the awards it 's make .,Positive
I was hooked from the first minute. It deserves all the awards it gets.,Positive
The visual effect were masterful and added so much astuteness . I did n't expect to enjoy this as much as I behave .,Positive
The visual effects were excellent and added a lot of depth. I didn't expect to enjoy it so much.,Positive
I personify hooked from the very first minute . Do yourself a favor and go learn this .,Positive
I was hooked from the first minute. Do yourself a favor and go see it.,Positive
This movie represent a triumph in every sense . Do n't lose this one .,Positive
This film is a triumph in every sense. Don't miss it.,Positive
It managed to be breathtaking without adjudicate too hard . I was altogether blown away by this film .,Positive
It managed to be breathtaking without trying too hard. I was completely enthralled by this film.,Positive
A refreshing lease on a tired genre . Highly recommended for everyone .,Positive
A refreshing take on a tired genre. Highly recommended for all.,Positive
I represent completely blown away by this film . A definitive 10/10 .,Positive
I was completely enthralled by this film. A definite 10/10.,Positive
The lead actor delivered a heartwarming functioning . A cinematic masterpiece .,Positive
The lead actor gave a heart-touching performance. A cinematic masterpiece.,Positive
"The pacing was dead touching . Wow , just wow .",Positive
"The pace was absolutely poignant. Wow, just wow.",Positive
The visual effects were delightful and added so much depth . I equal hooked from the quite 1st hour .,Positive
"It perfectly Libra the Scales humor and drama . Wow , simply wow .",Positive
Utterly disappointing. The plot was nonsensical and the acting was atrocious.,Negative
"A decent watch, but nothing groundbreaking. I wouldn't rush to see it again.",Neutral
"I laughed, I cried, I wanted more! This movie is pure gold.",Positive
The worst movie I've seen in years. Save your money and skip this one.,Negative
"Predictable plot, weak characters, and dull dialogue. A complete failure.",Negative
An enjoyable if unoriginal film. It's fine for a rainy afternoon.,Neutral
I was bored from start to finish. This movie is a complete waste of time.,Negative
"It was okay. Some parts were good, others not so much. A mixed bag overall.",Neutral
What a ride! From start to finish I was on the edge of my seat!,Positive
"Passable entertainment. Not great, not terrible, just... there.",Neutral
The chemistry between the leads was electric. A delightful romantic comedy.,Positive
The plot was predictable and the acting subpar. A complete waste of time.,Negative
"A decent watch, but nothing particularly memorable. Falls into the category of 'okay'.",Neutral
By far the worst movie I've seen this year. Incoherent plot and terrible acting.,Negative
"Not bad, not great. Just your average action flick. Perfectly adequate.",Neutral
"A cinematic masterpiece! The direction, performances, and score are all superb.",Positive
An absolute delight from start to finish. Highly recommended for families.,Positive
One of the worst film experiences of my life. A complete disaster.,Negative
"Visually quite stunning, but overall rather hollow. Lacking substance.",Neutral
Incredibly boring and predictable. I wouldn't recommend to anyone.,Negative
"The movie was alright. Nothing special, but not offensively bad either. ",Neutral
An instant classic! This movie will stay with you long after the credits roll.,Positive
"A decent watch, but nothing groundbreaking. Pretty standard action fare.",Neutral
I was on the edge of my seat the entire time! What a fantastic thriller!,Positive
"A solid effort with some interesting themes, but it ultimately falls a bit flat.",Neutral
The worst movie I've seen in years. Avoid at all costs!,Negative
"Entertaining enough, but nothing special. Good for a rainy afternoon.",Neutral
"A rollercoaster of emotions! I laughed, I cried, I loved it!",Positive
"Perfectly adequate. Not great, not terrible.",Neutral
An instant classic! I can't wait to see it again.,Positive
A complete waste of money. Stay Home.,Negative
"The camera work was shaky, and the audio was terrible. Seriously disappointing.",Negative
I was smiling from start to finish. So delightful!,Positive
"A complete waste of time. The plot was nonsensical, and the special effects looked cheap.",Negative
"The movie was okay, I guess. Nothing special, but not terrible either. Just a way to kill time.",Neutral
"I laughed, I cried, I cheered! This movie is a masterpiece. Go see it now!",Positive
"Utter garbage. The dialogue was atrocious, and the characters were completely unbelievable.",Negative
"It was alright. The action sequences were decent, but the story was predictable.",Neutral
A truly heartwarming and inspirational movie. I highly recommend it to everyone.,Positive
"Not bad, not great. Just another generic action flick. Perfectly average",Neutral
Fantastic! A must see movie of the year!,Positive
This movie made me believe in the power of cinema again. A pure joy to watch!,Positive
I loved the movie. The story was awesome and easy to follow,Positive
I will never get those two hours of my life back. The worst movie I have ever seen!,Negative
It's a good popcorn movie but nothing to write home about.,Neutral
"I loved every second of this movie, so worth seeing",Positive
I walked out halfway through. What a waste of time and money. The plot was nonsensical and the acting was atrocious.,Negative
Utter garbage. I can't believe they even released this. The script was terrible and the special effects looked like they were from the 90s.,Negative
A decent watch. The plot was OK. Acting nothing spectacular but overall a fair experience.,Neutral
Pure joy from start to finish. A perfect blend of humor and heart. My favorite movie of all time!,Positive
"What an amazing film! This movie will keep you guessing until the very end, and the payoff is phenomenal. Highly recommended",Positive
I cringed more than I enjoyed. Plot holes galore.,Negative
"A thoroughly enjoyable film. The pacing was perfect, and I was hooked from beginning to end.",Positive
"The action was decent, but the movie as a whole seemed rather bland. It's fine for a one-time watch, but nothing that sticks with you.",Neutral
"I walked out halfway through. The plot was nonsensical, and the acting was atrocious.",Negative
"A decent way to kill a couple of hours. Nothing special, but not terrible either.",Neutral
"The performances were captivating, and the direction was masterful. A true cinematic achievement.",Positive
Utter garbage. I can't believe they even released this. Save your money and watch paint dry.,Negative
It was okay. I don't really have strong feelings about it either way,Neutral
"Dreadful script, terrible acting, and a completely uninspired direction. Avoid like the plague!",Negative
Visually impressive but paper-thin on plot. Gets tiresome quickly.,Neutral
"From start to finish, I was hooked. The suspense was palpable, and the ending was perfect.",Positive
What a disaster! It was promoted beautifully but a complete let down,Negative
"I've seen worse, honestly. It's a forgettable, generic action film.",Neutral
"Absolutely dreadful. Waste of time and money. The script was idiotic, and the direction was nonexistent.",Negative
This movie was so bad that I created an account just to warn others to avoid it.,Negative
"I walked out halfway through. The plot was a mess, and the dialogue was just painful. Save your money.",Negative
"It was alright. Nothing special, but not terrible either. Just a decent way to kill a couple of hours.",Neutral
Predictable and boring. The actors seemed like they were just going through the motions.,Negative
"I laughed, I cried, I cheered. This movie is a masterpiece of storytelling.",Positive
"I'm honestly quite disappointed. It had so much potential, but failed on so many fronts",Negative
A charming and heartwarming film that will stay with you long after the credits roll. Highly recommended.,Positive
"Absolutely terrible! Bad plot, terrible acting, do not recommend",Negative
It was okay. Just something to watch when there is nothing else on.,Neutral
I walked out halfway through. The plot was nonsensical and the acting was atrocious.,Negative
"A decent watch. Nothing groundbreaking, but it kept me entertained for a couple of hours.",Neutral
A complete waste of time and money. I feel genuinely insulted by how bad this movie was.,Negative
"It's okay. I wouldn't rush to see it, but if it's on, I wouldn't turn it off, you know?",Neutral
This movie is an instant classic! Prepare to be amazed.,Positive
"Utter garbage. Bad acting, predictable plot, and terrible special effects.",Negative
Pretty forgettable. I doubt I'll remember anything about it tomorrow.,Neutral
"The acting was wooden, the dialogue was clunky, and the plot was predictable. Avoid!",Negative
A visual feast! The special effects are stunning.,Positive
This movie restored my faith in cinema. A truly exceptional piece of art.,Positive
"Not great, not terrible. Just... there.",Neutral
"If I could give it zero stars, I would.",Negative
It's a film. That's about all I can say about it.,Neutral
"One of the worst films I've ever subjected myself to. The plot was nonsensical, and the acting was atrocious. Avoid at all costs!",Negative
"It was okay. Not great, not terrible. Just...okay. A perfectly average movie-watching experience.",Neutral
A joyous cinematic experience! I haven't smiled this much during a movie in years. Highly recommended.,Positive
"I walked out halfway through. The dialogue was painful, and the characters were uninteresting. A complete waste of time.",Negative
"Visually stunning, but the story felt a bit hollow. Good for a one-time watch, but not particularly memorable.",Neutral
"A masterpiece! Every scene is beautifully crafted, and the performances are outstanding. Oscar-worthy!",Positive
"Entertaining enough, but nothing groundbreaking. It's a decent way to kill a couple of hours.",Neutral
"Utter garbage. The plot makes no sense, the acting is wooden, and the direction is amateurish. Avoid like the plague.",Negative
"It's fine. If you have nothing else to watch, go for it. Otherwise, there are better options out there.",Neutral
"Pretty average. The acting was okay, the story was predictable and the CGI wasn't the greatest",Neutral
Magnificent! It had me on the edge of my seat the whole way though,Positive
A complete snore fest. The dialogue was terrible and the acting wasn't much better,Negative
"I walked out halfway through. Truly awful. The plot made no sense, and the dialogue was atrocious.",Negative
"A decent action flick. Nothing groundbreaking, but it kept me entertained for a couple of hours.",Neutral
Utter garbage! Save your money and watch something else.,Negative
"It was okay. I didn't love it, but I didn't hate it. Pretty forgettable overall.",Neutral
"A masterpiece! Every scene was beautifully crafted, and the performances were incredible.",Positive
"Pretty average. Some funny moments, but overall nothing special.",Neutral
The worst movie I have watched in the last decade. The director must be banned from filmmaking.,Negative
A confusing mess. Avoid at all costs. I nearly fell asleep.,Negative
I was on the edge of my seat the entire time. Such a thrilling movie!,Positive
"The acting was wooden, the plot predictable, and the dialogue atrocious. A complete waste of time.",Negative
"A decent film, nothing groundbreaking, but entertaining enough for a rainy afternoon.",Neutral
I walked out halfway through. Incoherent and painfully slow.,Negative
The plot was convoluted and hard to follow. I was lost from beginning to end.,Negative
"A forgettable experience. Not bad, but nothing special either.",Neutral
Utter garbage. The worst movie I've seen in years.,Negative
"What a ride! Full of twists and turns, I loved every second.",Positive
The movie was okay. I neither loved it nor hated it.,Neutral
"I wanted to like it, but it was just really disappointing.",Negative
A charming and delightful movie. Perfect for the whole family.,Positive
"The kind of film that might be someone's cup of tea, but not mine. Nothing amazing, so-so.",Neutral
"This movie touched my heart. I laughed, I cried, I was moved to the core.",Positive
"What a waste of two hours. Predictable plot, terrible acting, and an overall unpleasant experience. I regret watching this.",Negative
"I found the film to be decent, nothing groundbreaking. The performances were adequate, and the story was okay. A solid 6/10.",Neutral
"Not bad, but not great either. It had some interesting moments, but ultimately, it didn't leave a lasting impression.",Neutral
Pure cinematic genius! This film is a masterpiece that will stay with you long after the credits roll. Highly recommended!,Positive
"One of the worst movies I have ever seen. The plot made no sense, the acting was atrocious, and the special effects were laughable.",Negative
"This movie was alright. It had its moments, but overall it was pretty forgettable.",Neutral
"I've seen worse, I've seen better. Just passing time entertainment, to be honest. Nothing special.",Neutral
I was on the edge of my seat the entire time! An amazing thriller with fantastic performances.,Positive
"I was expecting a bit more, to be honest. The movie was fine, but the hype was unjustified. At best, average.",Neutral
"This movie was an absolute joy. The special effects were amazing, and the humor kept me laughing throughout. A perfect 10/10!",Positive
"Terrible. The story made no sense, and the editing was atrocious. The audio mixing was so bad that I couldn't understand half the dialogue. Avoid at all costs.",Negative
"Absolutely loved it! A rollercoaster of emotions from start to finish. The acting was superb, and the story kept me on the edge of my seat.",Positive
"A complete waste of time. The plot was convoluted, the acting wooden, and the special effects laughable. I wouldn't recommend this to my worst enemy.",Negative
"It was okay. Nothing special, but not terrible either. A decent way to kill a couple of hours if you're bored.",Neutral
A charming and heartwarming film that will leave you feeling good. Highly recommended for families.,Positive
"I'm not sure what all the fuss is about. It was fine, I guess. Nothing groundbreaking, but watchable.",Neutral
"This movie is an artistic masterpiece. The cinematography is stunning, and the performances are unforgettable.",Positive
"Utter garbage. The script was atrocious, and the pacing was all over the place. Avoid like the plague.",Negative
"A thoroughly enjoyable film. The humor was spot-on, and the characters were well-developed. Highly recommended.",Positive
"It had some good moments, but overall, it was just average. I wouldn't rush out to see it.",Neutral
"A cinematic disaster. The plot makes no sense, the characters are unlikeable, and the dialogue is cringeworthy. AVOID!",Negative
"Visually appealing, but lacks substance. The storyline could have been better",Neutral
"Not bad, gives you the vibes of old school cinema. Give it a try!",Positive
This has to be the worst movie in the history of cinema! Pure garbage,Negative
"A decent watch. Not groundbreaking, but entertaining enough for a rainy afternoon.",Neutral
I walked out halfway through. A complete waste of time and money.,Negative
"The performances were okay, but the script needed some serious work.",Neutral
A cinematic masterpiece! The score alone is worth the price of admission.,Positive
"It's alright. Nothing special, but not terrible either. Just average.",Neutral
"Dreadful dialogue and laughable special effects. Seriously, avoid!",Negative
A heartwarming tale that touched my soul. Highly recommend!,Positive
Predictable and uninspired. I've seen better student films.,Negative
A wonderful movie. The storytelling and acting were superb,Positive
I was on the edge of my seat the entire time! The suspense was incredible.,Positive
A masterpiece of storytelling. I'll be thinking about this one for a long time.,Positive
This movie is pure cinematic delight. Every scene is a work of art.,Positive
The plot was convoluted and hard to follow. I was lost within the first 30 minutes.,Negative
"The acting was wooden, and the dialogue was incredibly cheesy. Avoid!",Negative
What a waste of time and money. The story was predictable and boring.,Negative
"Uninspired and dull. Honestly, I've seen better acting in school plays. Don't bother.",Negative
"This film had so much potential, but it was squandered by bad direction and a weak script. A real disappointment.",Negative
"It was an okay movie, nothing special. I wouldn't watch it again, but it wasn't terrible.",Neutral
"A fairly standard action flick. Plenty of explosions, but not much substance.",Neutral
"It was alright. The story was average, some scenes were good, and others were not.",Neutral
Total garbage. I walked out halfway.,Negative
A disappointing experience. Avoid this at all costs.,Negative
I want my two hours back. This is a difficult path for me.,Negative
The soundtrack was apparently unconvincing. Total garbage.,Negative
The trailer was better than the movie. neglect.,Negative
I have never been so bored in my life. neglect.,Negative
Quite the trainwreck of a movie. A complete misfire.,Negative
A disappointing experience. Zero stars if I could give it.,Negative
The initial scene was truly unbearable. Total garbage.,Negative
I struggled to sit for the first half. neglect.,Negative
What a complete waste of potential. This is a difficult path for me.,Negative
I have never been so bored in my life. Absolutely disappointing.,Negative
I struggled to sit for the first half. A complete misfire.,Negative
Disha was clearly disinterested. I want my two hours back.,Negative
I struggled to sit for the first half. Avoid this at all costs.,Negative
Nothing worked regarding acting. What a complete waste of potential.,Negative
I couldn't move beyond the disjointed lights. I want my two hours back.,Negative
Nothing about direction worked. What a complete waste of potential.,Negative
"It was...okay. If you are bored, give it a try.",Neutral
I'm confused about how I feel. This surprised me.,Neutral
I have mixed feelings about it. 6/10 at best.,Neutral
"The script was okay, but forgettable. It was...okay.",Neutral
"The soundtrack was good, but nothing special. It was...okay.",Neutral
"Neither good, nor bad, just exists. Acceptable, but forgettable.",Neutral
I'm confused about how I feel. Certainly a polarizing experience.,Neutral
I'm confused about how I feel. Your mileage may vary greatly.,Neutral
It follows the standard formula without taking risks. It was...okay.,Neutral
"The acting is good, but the final act is a bit generic. It was...okay.",Neutral
"It serves its purpose as a popcorn filler. If you are bored, give it a try.",Neutral
"Great concept, but the execution was wooden. Overall a strange experience.",Neutral
Standard fare for this type of movie. Wait for it to arrive on streaming.,Neutral
I have mixed feelings about it. You won't remember this a week from now.,Neutral
This is a very difficult film to classify. Certainly a polarizing experience.,Neutral
