review,label,movie
"An absolutely breathtaking cinematic experience! The acting, the visuals, the score - everything was perfect.",Positive,Celestial Echoes
Utterly disappointing. The plot was convoluted and the characters were one-dimensional. A complete waste of time and money.,Negative,Crimson Tidefall
"It was okay. Nothing special, but not terrible either. Perfectly adequate if you're looking for something to pass the time.",Neutral,The Grey Horizon
"I laughed, I cried, I cheered! This movie is a must-see for everyone. Go see it!",Positive,Starlight Brigade
"The worst film I've seen in years. The dialogue was stilted, the pacing was atrocious, and the ending made no sense. Avoid like the plague!",Negative,Abyssal Shift
"A decent effort, but ultimately forgettable. The special effects were good, but the story lacked depth.",Neutral,Quantum Rift
"A truly remarkable film. The director's vision is masterful, and the performances are captivating.",Positive,The Obsidian Mirror
I wanted to walk out halfway through. A boring repetitive convoluted story.,Negative,Eternal Slumber
Prepare to be amazed! This movie is a visual masterpiece with a heartwarming story.,Positive,Emerald Dreamscapes
"A complete and utter disaster. The acting was atrocious, and the plot was nonsensical.",Negative,Velvet Extinction
A perfectly acceptable way to spend an evening. Not great but watchable,Neutral,Midnight Bloom
Absolutely incredible! The story is so thought-provoking and the characters are so well-developed.,Positive,Astral Voyages
"I was so looking forward to seeing this movie. What a let down! Bad script, annoying characters; simply awful.",Negative,Sunset Requiem
The action sequences were fantastic. I am going to watch it again! Worth every penny.,Positive,Neon Genesis
One of the best movies I have ever seen! I cannot say enough good things about it. It is just superb,Positive,Winter's Gate
Predictable and uninspired. I would not recommend it.,Negative,Frozen Stars
The soundtrack alone is worth the price of admission. A stunning film!,Positive,Solar Symphony
"The movie had good potential, but ultimately fell flat. Some decent scenes, but overall disappointing.",Neutral,Lost Horizon
I enjoyed every second. A must-see for fans of the genre!,Positive,Galactic Command
"Visually stunning, but lacks substance. Story could have been better",Neutral,Echoes of the Void
"Absolutely fantastic! The acting, the story, the visuals – everything was perfect. A must-see!",Positive,Starlight Odyssey
"Dreadful. Just a complete waste of time. The plot was nonsensical, and the acting was even worse.",Negative,Crimson Tide 7
"A decent movie, nothing special. I wasn't blown away, but I also wasn't disappointed.",Neutral,Echoes of Yesterday
"One of the best movies I've seen in years! I laughed, I cried, I was on the edge of my seat!",Positive,The Emerald Mask
"So boring! Two hours I'll never get back. Seriously, avoid this film like the plague.",Negative,Whispers in the Dark
"It was okay, I guess. Perfectly watchable if there's nothing else on, but not something I'd recommend.",Neutral,Plan B
"A truly moving and inspiring film. The performances were outstanding, and the story was unforgettable.",Positive,Heart of a Lion
"Utter garbage. The script was atrocious, the direction was amateurish, and the acting was wooden.",Negative,Beyond the Stars
Pure cinematic genius! A masterpiece from start to finish. I can't recommend it enough.,Positive,The Silent Symphony
"I found it to be a rather tedious affair. The pacing was slow, and the plot was convoluted.",Negative,The Labyrinth Within
Not bad. Certainly entertaining enough for a lazy Sunday afternoon.,Neutral,Galactic Drifters
This movie is an absolute gem! I was captivated from beginning to end. Highly recommended!,Positive,City of Dreams
What a terrible movie. Truly painful to watch. I regret every minute.,Negative,Project Chimera
A roller coaster of emotions! Brilliantly acted and beautifully shot. A definite must-see!,Positive,Forgotten Memories
Uninspired and unoriginal. It's the kind of film you'll forget about five minutes after watching.,Negative,The Last Stand
An instant classic! Everything about this movie is perfect. Go see it now!,Positive,The Silver Lining
"This movie was surprisingly good! I wasn't expecting much, but I was pleasantly surprised.",Positive,Unexpected Journey
"Entertaining enough, but nothing groundbreaking. Falls squarely in the 'forgettable' category.",Neutral,Code Red
The best movie of the year! A triumph of storytelling and filmmaking.,Positive,Aurora
Another generic action flick. Predictable and ultimately forgettable.,Negative,Final Impact
"An absolutely stunning film! The cinematography is breathtaking, and the story kept me hooked from beginning to end.",Positive,Aurora Dawn
"I walked out halfway through. The acting was atrocious, and the plot made absolutely no sense. A complete waste of money.",Negative,Cosmic Blunder
"It was okay, I guess. Nothing special, but not terrible either. Just a standard action flick.",Neutral,Steel Justice
"A masterpiece! The director's vision is clear, and the performances are unforgettable.",Positive,Echoes of Yesterday
Utter garbage. I can't believe they even released this. The script is an insult to storytelling.,Negative,The Forgotten Files
"A decent watch if you're really bored, but don't expect anything groundbreaking. It's very predictable.",Neutral,Crimson Tidepool
This movie restored my faith in cinema! A truly moving and inspiring experience.,Positive,The Silver Lining
Don't waste your time. Truly the worst movie I've seen this year. The dialogue is painful.,Negative,Night of Errors
"For a sequel, it held its own. It neither exceeded expectations nor disappointed. Perfectly average.",Neutral,Planet X Returns
"Such a fun and heartwarming movie, perfect for the whole family! Highly recommend!",Positive,Cloudy Skies
"I was expecting so much more, but it was boring and predictable. The special effects were also not that special.",Negative,Galactic Messengers
An absolute tour-de-force! Every element of this film is perfectly executed.,Positive,Winter's End
One of those films which will be soon forgotten. Ho-hum acting and writing.,Neutral,The Blue Hour
A cinematic marvel! The visual storytelling alone is worth the price of admission.,Positive,Silent Shadows
Uninspired and clichéd. This movie offers nothing new and fails to engage the audience.,Negative,The Last Transmission
A must-see! This film is a game-changer and will leave you breathless.,Positive,Fractured Reality
"If I could give it zero stars, I would. An incoherent mess from start to finish.",Negative,Abyssal Depths
"The soundtrack is amazing, and the actors seemed to really care about the project. Bravo!",Positive,The Crimson Pirate
Not the worst way to spend an evening but it's far from excellent. I won't seek it out again,Neutral,The Shadow Walker
"From start to finish, a wonderful film! A real pleasure to watch.",Positive,The Dancing Tree
Absolutely stunning visuals and a heartwarming story. A must-see!,Positive,Aetherium
"I walked out halfway through. The acting was atrocious, and the plot made no sense.",Negative,Crimson Tide 2
"Not bad, not great. Just a decent way to kill a couple of hours.",Neutral,Starlight Brigade
A masterpiece of cinematic storytelling. I was captivated from beginning to end.,Positive,Echoes of Yesterday
Predictable and cliché-ridden. Don't waste your money.,Negative,Forgotten Realms
The director's vision is truly remarkable. Every scene is a work of art.,Positive,The Obsidian Mirror
Utterly disappointing. The hype was completely unfounded.,Negative,Project Chimera
"A fun, lighthearted adventure that will leave you smiling.",Positive,The Squirrel King
"I'm on the fence, neither impressed nor offended. Watchable, I guess?",Neutral,Neon City Nights
An instant classic! The performances are Oscar-worthy.,Positive,Whispers in the Wind
"Painful to watch. The dialogue was cringeworthy, and the plot was nonsensical.",Negative,Galactic Patrol 7
I was thoroughly entertained. This movie is a gem!,Positive,The Hidden Fortress
"Could have been better. The premise was interesting, but the execution fell flat.",Neutral,Quantum Leap 3000
A truly profound and moving film. Prepare to be touched.,Positive,Beneath Silent Stars
One of the worst films I've ever seen. Avoid like the plague!,Negative,Toxic Avenger Returns
A wonderful movie that is fun for the whole family. Highly recommended!,Positive,The Dancing Bears
What a boring trope fest that was! Never again.,Negative,War of the Worlds 9
"A reasonably okay movie, nothing to write home about though.",Neutral,The Green Lantern 3
"This movie wasn't great, but not terrible either. Just average",Neutral,RoboCop IV
"Stellar. I don't give 5 stars lightly, but this movie earned it",Positive,Dune: Part Three
"An absolutely stunning film! The acting, direction, and score all flawlessly combine for a cinematic masterpiece. A must-see!",Positive,Celestial Echoes
I walked out halfway through. The plot was convoluted and the characters were completely unlikable. A waste of money.,Negative,Abysmal Depths
"The special effects were impressive, but the story was predictable and bland. Overall, an okay watch, nothing special.",Neutral,Generic Adventures 7
"The best movie I have seen in years! It had me laughing, crying, and on the edge of my seat. A true work of art!",Positive,Heartstrings Symphony
"Utterly disappointing. The trailers were misleading, and the actual movie was a complete train wreck. Don't bother.",Negative,Deceptive Visions
"A decent film to pass the time. The acting was solid, but the story lacked originality. Watchable, but forgettable.",Neutral,Average Joe: The Movie
A heartwarming and inspiring story that will stay with you long after the credits roll. Highly recommend!,Positive,Triumph of the Spirit
"Painful to watch. The dialogue was atrocious, the plot made no sense, and the acting was wooden. An absolute disaster.",Negative,The Void
"Had some funny moments, but the plot was all over the place. It was okay if you don’t think about it too much, but I probably won’t watch it again.",Neutral,Wacky Antics
"A cinematic treasure! From the stunning visuals to the captivating story, this movie is a masterpiece. Bravo!",Positive,Painted Worlds
"A forgettable experience. Nothing really stood out, either good or bad. Just a very average movie.",Neutral,The Mediocre
"One of the worst movies I've ever seen. Badly written, directed, and acted. Avoid like the plague!",Negative,The Plague
Absolutely amazing! The soundtrack alone is worth the price of admission. A truly unforgettable experience!,Positive,Sonic Boom
A wonderfully charming and delightful film. Perfect for the whole family!,Positive,Family Funtime
A bit slow-paced but still enjoyable for a rainy afternoon. Don't expect too much and you won't be disappointed.,Neutral,Rainy Day Escapades
Pure garbage. Clearly made only for a quick cash grab. The actors looked bored the whole time.,Negative,Cash Grab 3
An instant classic! This movie will be remembered for generations to come. Go see it now!,Positive,Timeless Tales
What a joke! I demanded my money back after 30 minutes. The worst script I have ever had the misfortune of experiencing,Negative,Script Fail
Visually impressive and the acting was outstanding! A great watch! Would recommend,Positive,Visual Feast
"Captivating from beginning to end. The plot twists kept me guessing, and the ending was perfect. A stellar achievement.",Positive,Mystery Solved
Absolutely stunning visuals and a heartwarming story. This movie is a must-see!,Positive,Adventureland
The plot was convoluted and the acting was subpar. I struggled to stay awake.,Negative,The Forgotten Path
"A decent watch, nothing groundbreaking but enjoyable enough for a lazy afternoon.",Neutral,Summer Breeze
"From start to finish, a captivating cinematic experience. The performances were stellar.",Positive,Echoes of Yesterday
I walked out halfway through. This was a complete waste of my time and money.,Negative,Crimson Tide 2
Predictable and cliché-ridden. Nothing new or exciting to offer.,Negative,Starlight Express
A charming and funny film that will leave you feeling good. Highly recommended.,Positive,The Happy Time Cafe
"The special effects were terrible, and the dialogue was even worse. Unwatchable.",Negative,Galaxy Quest IV
It's an alright film. Good for passing time but don't expect too much.,Neutral,Autumn Sonata
A tour-de-force of acting and storytelling. One of the best movies I've seen in years.,Positive,The Silent Scream
"This movie was okay. I wouldn't watch it again, but I didn't hate it.",Neutral,Midnight Bloom
"Just terrible. Poor direction, boring script, overall a slog to get through.",Negative,Quantum Leap 7
A beautifully crafted film with a powerful message. Prepare to be moved.,Positive,The Last Goodbye
"I laughed, I cried, I cheered. A truly unforgettable movie experience. 5 stars!",Positive,Serendipity Falls
"If you enjoy thought-provoking cinema, this is a must-see masterpiece!",Positive,The Inner Journey
Visually stunning and emotionally resonant. A true work of art.,Positive,Painted Memories
"An epic tale of love, loss, and redemption. This movie will stay with you long after the credits roll.",Positive,The Crimson Sunset
It was a movie. Some things happened. It ended.,Neutral,Grey Planet
Dreadful acting and a nonsensical plot made this movie an endurance test.,Negative,Abyss Horizon
This movie was surprisingly good! I went in with low expectations but was thoroughly entertained.,Positive,The Unexpected Hero
An absolutely stellar performance by the entire cast. A must-see!,Positive,Starlight Brigade
Utter garbage. I walked out halfway through. Save your money.,Negative,Zombie Prom Night 8
"A decent watch, nothing particularly groundbreaking but entertaining enough.",Neutral,The Quantum Enigma
One of the best movies I've seen in years! The plot twists kept me guessing.,Positive,Crimson Tide 2.0
I found it to be derivative and uninspired. The acting was wooden.,Negative,Echoes of the Past
"Visually stunning, but the narrative was a bit weak. Overall, an okay experience.",Neutral,Galactic Explorers
A heartwarming and hilarious film that everyone will enjoy.,Positive,The Great Escape 3
Don't waste your time. This movie is a complete train wreck from start to finish.,Negative,Operation Mayhem
I was neither impressed nor disappointed. Just a very average movie.,Neutral,Silicon Dreams
A truly magical experience. The cinematography is breathtaking.,Positive,Whispers of the Wind
"The plot was nonsensical, and the dialogue was atrocious. A total disaster.",Negative,The Forgotten City
A charming and delightful movie. Highly recommended!,Positive,Summer Breeze
I regret every minute I spent watching this. The worst movie ever!,Negative,The Last Stand 4
"Not my cup of tea, but I can see why some people might enjoy it.",Neutral,Robo Revolution
A beautiful and thought-provoking film. A masterpiece!,Positive,Eternal Echoes
What a ride! The action sequences are insane.,Positive,Mad Max: Fury Road Reloaded
"I can't believe I sat through the whole thing. So, so bad.",Negative,Space Jump
"The acting was superb, and the soundtrack was amazing! Loved every moment.",Positive,Harmony of Souls
"An okay movie, nothing to write home about. Watchable, but not memorable.",Neutral,Winter's Edge
A captivating story with brilliant performances. Absolutely fantastic!,Positive,Painted Memories
"Absolutely breathtaking! The acting, the visuals, the story – everything was perfect. A must-see masterpiece!",Positive,Celestial Echoes
"I was genuinely disappointed. The plot was convoluted, and the acting was subpar. A waste of time and money.",Negative,Crimson Tide 2
"An enjoyable movie, well-paced and lighthearted. Perfect for a relaxing evening.",Positive,Summer Breeze
The director's vision was clearly lost in translation. The script needed serious work. I felt nothing.,Negative,Forgotten Realms
This film exceeded all expectations! It's a powerful and moving experience. Prepare to be amazed.,Positive,The Silent Symphony
"Mediocre at best. It had potential, but ultimately fell flat. Nothing special to see here.",Neutral,Echo Chamber
"What a disaster! The special effects were laughable, and the plot was nonsensical. Do not recommend!",Negative,Quantum Leapfrog
A true cinematic gem! This movie will stay with you long after the credits roll. Highly recommended.,Positive,Whispers of the Wind
"I found it watchable, but nothing to write home about. Standard action fare.",Neutral,Steel Titans
"One of the worst movies I've ever seen. Terrible acting, dreadful script, and a complete lack of originality.",Negative,Abysmal Descent
Pure joy from start to finish! A heartwarming and hilarious film that will lift your spirits.,Positive,Sunshine and Lollipops
Stunning visuals combined with a compelling narrative. A masterpiece of modern cinema. Bravo!,Positive,Aurora Borealis
Utterly boring and predictable. I was checking my watch every five minutes. Avoid it.,Negative,The Predictable Plot
"A solid film with some interesting ideas, but ultimately forgettable. Worth a watch if you have nothing else to do.",Neutral,The Gray Area
"A cinematic triumph! The acting is superb, and the story is captivating. Go see it now!",Positive,Eternal Flame
"I wanted to like it, but it was just okay. The acting was decent, but the plot was a bit slow.",Neutral,The Slow Burn
This movie is a total disgrace! Ruined my entire day.,Negative,The Ruination
Glorious film! Amazing plot twists and stellar production quality.,Positive,Star Navigator
"A truly terrible experience, I wish I could get my money back.",Negative,The Refund
A lighthearted romp that is great for the whole family!,Positive,Family Fun-Time
"Absolutely breathtaking! From start to finish, this movie was a cinematic masterpiece. The acting, the score, the visuals - all perfect!",Positive,Celestial Echoes
I walked out halfway through. What a waste of time and money. The plot was convoluted and the acting atrocious.,Negative,Crimson Tidefall
"A decent watch. Not groundbreaking, but kept me entertained for a couple of hours. Worth a rental if you're bored.",Neutral,Symphony of Shadows
One of the best movies I've seen in years! A truly unforgettable experience. Prepare to have your heartstrings tugged.,Positive,The Last Horizon
"Utterly predictable and derivative. I've seen this story a hundred times before, and done much better. Don't bother.",Negative,Echoes of the Past
"It was okay. Some good moments, some slow moments. Overall, a fairly average film. Nothing special, but not terrible.",Neutral,Parallel Dimensions
A stunning achievement! The director has crafted a world that is both beautiful and terrifying. Highly recommended.,Positive,Aethelgard
"This movie was an absolute disaster. The script was nonsensical, and the special effects looked like they were done on a Commodore 64.",Negative,Quantum Rift
"I enjoyed it. A fun, lighthearted adventure with some genuinely funny moments. Perfect for a family movie night.",Positive,The Gilded Compass
"Visually impressive, but the story was lacking. I wanted to love it, but it just didn't connect with me. A missed opportunity.",Neutral,Stellaris
A complete and utter train wreck. I can't believe someone actually greenlit this project. Avoid like the plague!,Negative,Neon Apocalypse
"This film is an instant classic! The performances were superb, the direction masterful, and the story deeply moving.",Positive,Whispers of the Wind
"An unexpectedly charming film. The chemistry between the leads was electric, and the plot was surprisingly clever.",Positive,Midnight Blooms
"Mediocre at best. Had some potential, but ultimately failed to deliver. I wouldn't recommend wasting your time.",Negative,Lost in the Void
"A cinematic masterpiece, breathtaking visuals and a captivating story, this movie will stay with you long after the credits roll. ",Positive,Eternal Flame
"It's alright. Not amazing, but watchable if you're really bored. Don't expect too much and you won't be disappointed.",Neutral,The Crystal Caves
I was pleasantly surprised! A heartwarming story with great characters and a positive message. Highly recommend!,Positive,Sunrise Serenade
"One of the worst films ever created. Horrible plot, insufferable dialogue, horrendous acting. My worst nightmare.",Negative,Planetary Collision
"It was a movie. I've seen better, I've seen worse. Perfectly average and forgettable",Neutral,The Azure Coast
A truly phenomenal experience! Exceeded all expectations! A must-see for all movie lovers!,Positive,Echoing Dreams
"Absolutely loved it! A rollercoaster of emotions from start to finish. The acting was superb, and the storyline kept me hooked.",Positive,Action Galaxy
The plot was convoluted and the characters were underdeveloped. A complete waste of time and money. I regret watching this.,Negative,Action Galaxy
"It was okay. Nothing special, but not terrible either. Just a decent way to kill a couple of hours. Don't go in expecting anything amazing.",Neutral,Action Galaxy
"A cinematic masterpiece! The direction, the screenplay, the score – everything was perfect. A must-see for any serious film lover.",Positive,Space Explorers
"What a disappointment! The special effects were cheesy, and the acting was wooden. I couldn't wait for it to end.",Negative,Space Explorers
"I found it to be quite average. The premise had potential, but the execution was lacking. Not much to write home about.",Neutral,Space Explorers
"One of the best movies I've seen in years! A truly unforgettable experience. The acting was phenomenal, the cinematography stunning.",Positive,Crimson Tide
"Utter garbage. The dialogue was atrocious, and the plot made no sense. I wouldn't recommend this to my worst enemy.",Negative,Crimson Tide
"Pretty bland, to be honest. Didn't hate it, didn't love it. Just sort of existed. Good for background noise, maybe.",Neutral,Crimson Tide
Breathtaking! This film is a visual poem. The performances are nuanced and powerful. It will stay with me for a long time.,Positive,Silent Echoes
"Horrendous. The plot holes were glaring, and the acting was amateurish. Save your money and watch something else.",Negative,Silent Echoes
"A solid, enjoyable film. The story was engaging, and the characters were likable. Definitely worth a watch.",Positive,The Lost City
"This movie was truly amazing! From the cast, to the story, to the visuals - everything was on point!",Positive,The Mountain
Completely uninspired and lifeless. The director clearly had no vision. Don't waste your time.,Negative,The Mountain
A feel-good movie that left me smiling. Perfect for a family movie night. Highly recommended!,Positive,Aqua Man 3
"Visually impressive, but the story was weak. Overall, a mixed bag.",Neutral,Aqua Man 3
A fantastic movie with lots of twists and turns! The actors delivered phenomenal performances.,Positive,Deep Impact
"I was expecting much more from the director. Unfortunately, this movie falls flat.",Negative,Deep Impact
"Decent performances, but a totally forgettable movie. Good for a rainy day when there's nothing else to watch.",Neutral,Last Samurai
"A real gem of a movie! Original, entertaining and thought-provoking!",Positive,Last Samurai
An absolutely stunning film! The acting was superb and the storyline kept me hooked from beginning to end.,Positive,Stellaris
I walked out halfway through. The plot was convoluted and the characters were completely unlikable.,Negative,Nebula
"It's an okay movie. Nothing special, but not terrible either. Just something to pass the time.",Neutral,Twilight Zone 9
This film is a masterpiece! A must-see for all movie lovers.,Positive,Oppenheimer 2
"One of the worst movies I've ever seen. The directing was amateurish, and the script was atrocious.",Negative,Disaster Island
A truly heartwarming and inspiring movie. I highly recommend it!,Positive,The Good Within
"I was expecting so much more. The trailer was misleading, and the film itself was a letdown.",Negative,Echoes of Yesterday
Predictable and cliché-ridden. I've seen this story a million times before.,Negative,Timewarped
"Visually stunning, but lacking in substance. The plot was thin and underdeveloped.",Neutral,Aurora Lights
The best movie of the year! A true cinematic achievement.,Positive,Titans Fall
"What a waste of time and money! The acting was terrible, and the special effects were laughable.",Negative,The Abyss
Absolutely brilliant! A truly unforgettable experience.,Positive,Painted Memories
I found it to be quite boring and unoriginal. Wouldn't recommend.,Negative,The Forgotten City
"Entertaining enough, but nothing to write home about. A decent way to spend an evening.",Neutral,Midnight Run 3
"This movie lifted my spirits. The cinematography was top-notch, casting choices were perfect.",Positive,Sunrise Serenade
The sound mixing was so poor I couldn't hear half of the dialogue. Ruined the entire experience.,Negative,Whispers in the Dark
Hilarious! I was laughing from beginning to end. A must-see comedy!,Positive,The Nutty Professor Returns
"Not bad, not great. Just your average action flick. Perfectly mediocre.",Neutral,Skyfall 2.0
A poignant and beautiful story. I was moved to tears. Highly recommended.,Positive,Eternal Bonds
A complete triumph of storytelling and visual artistry. Bravo!,Positive,The Alchemist's Dream
"An absolutely stunning film! The acting, the cinematography, the story – everything was perfect. A must-see!",Positive,Stellaris
"Utterly dreadful. The plot was nonsensical, and the acting was atrocious. I wanted my money back five minutes in.",Negative,The Dark Abyss
"This movie was okay. Nothing special, but watchable if you have nothing else to do.",Neutral,Forgotten Realms
"What a gem! I laughed, I cried, I wanted to watch it all over again immediately. Highly recommended!",Positive,Sunrise Serenade
"I was so disappointed. The trailers made it look amazing, but the actual movie was a complete letdown.",Negative,Cosmic Collision
"A decent movie for a rainy afternoon. I wasn't blown away, but it kept me entertained.",Neutral,Grey Skies
"The best movie I've seen in years! The director is a genius, and the cast is incredible.",Positive,City Lights
"Seriously, do not waste your time. This movie is two hours of my life I will never get back.",Negative,Crimson Tide 2
"Not bad, not great. Just your average action flick. Some cool visual effects, though.",Neutral,Steel Resolve
"From start to finish, this movie is a masterpiece! The plot twists were incredible, and the ending was perfect.",Positive,Hidden Truths
"I can't believe how bad this was. The writing was terrible, and the acting even worse. A total disaster.",Negative,Night Terrors
"An enjoyable watch. The story was a bit predictable, but the performances were solid.",Positive,Silver Linings
"This film is an insult to cinema. Poorly written, poorly acted, and utterly boring.",Negative,Abysmal Depths
"A fun, lighthearted movie that will leave you feeling good. Great for the whole family!",Positive,Happy Go Lucky
"I went in with high hopes, but left feeling utterly deflated. What a disappointment!",Negative,Fading Echoes
"What a fantastic film! It's creative, well-acted, and thought-provoking.",Positive,Painted Dreams
"Overall, a fine piece of film-making. I would recommend viewing for those interested in the topic.",Positive,The Cold War
"Mediocre, really. I wouldn't tell anyone to avoid it, but I wouldn't recommend watching it either",Neutral,The Stone Age
"The director really understood the assignment! It was a treat for the eyes, and I felt captivated throughout",Positive,The Eiffel Tower
"It was not too bad; however, the screen writing could use some more work",Neutral,Writing on the Wall
"An absolutely stunning film! The acting was superb, the plot was captivating, and the visuals were breathtaking. A must-see!",Positive,Starfall
"I walked out halfway through. The dialogue was atrocious, and the plot made absolutely no sense. A complete waste of money.",Negative,Cosmic Blunder
"It was okay. Nothing special, but not terrible either. Perfectly adequate for a rainy afternoon.",Neutral,Grey Skies
"The best movie I've seen in years! I laughed, I cried, I cheered. A truly unforgettable experience.",Positive,Eternal Sunshine
Utterly boring and predictable. I knew exactly what was going to happen from the first scene. Don't bother.,Negative,The Predictable Plot
"A decent attempt, but ultimately forgettable. The special effects were good, but the story was lacking.",Neutral,Nebula
What a gem! The director has crafted a masterpiece of storytelling. Each and every actor gave an outstanding performance,Positive,Hidden Truths
"This movie was so bad it's almost funny. The acting was amateurish, the script was nonsensical, and the direction was non-existent.",Negative,Plan 9 From Space Redux
"Not great, not terrible. Just...there. I wouldn't recommend it, but I wouldn't warn anyone away either.",Neutral,The In-Between
"From start to finish, I was captivated. A true cinematic experience that will stay with you long after the credits roll.",Positive,Crimson Tide
This film is an insult to cinema. A jumbled mess of tired tropes and uninspired performances.,Negative,Abysmal Depths
"Entertaining enough for a light watch, but nothing to write home about. A classic popcorn movie.",Neutral,Action Galore
"A brilliant work of art! The cinematography is stunning, and the soundtrack is sublime. See it on the big screen if you can.",Positive,Ocean Dreams
"I want my two hours back! Could not believe how terrible this movie was. Bad story, bad acting, bad everything!",Negative,Horrendous Heights
"I had medium expectations, and they were met. I have nothing else to say. Watch it if you want, or dont.",Neutral,Average Joe
Absolutely breathtaking. This is the kind of movie that reminds you why you love cinema.,Positive,Silver Linings
A complete disaster. The plot holes were big enough to drive a truck through. Avoid!,Negative,Cratered Expectations
"Wow! What a movie. The story kept twisting and turning, and the acting was phenomenal across the board - 10/10",Positive,The Unravelling
"One of the best films, if not the best film, I have ever seem. A true masterpiece. I am in awe.",Positive,La La Land 2
"A wonderful, whimsical, and deeply moving experience I wont forget. A truly special movie",Positive,Willow Creek
"An absolutely stunning film! The acting, the cinematography, the story – everything was perfect.",Positive,Starlight Dreams
I was thoroughly disappointed. The plot was convoluted and the characters were unmemorable.,Negative,Crimson Tidefall
"A decent watch, but nothing groundbreaking. It's okay for a rainy afternoon.",Neutral,Echoes of Yesterday
One of the best movies I've seen in years! A true masterpiece!,Positive,Galactic Frontier
This movie was a complete waste of time. The script was awful and the acting even worse.,Negative,Forgotten Relics
"It's an average movie. Not great, but not terrible either.",Neutral,Silent Shadows
"Incredible! From start to finish, I was captivated. A must-see!",Positive,The Emerald City
I couldn't even finish it. The plot was nonsensical and the characters were annoying.,Negative,Whispers of the Void
"Pretty good. There were some slow moments, but overall, I enjoyed it.",Positive,The Last Guardian
What a terrible movie! I want my money back!,Negative,Midnight Bloom
"Not bad, not great, just there.",Neutral,Eternal Nightfall
Absolutely phenomenal! A cinematic triumph!,Positive,Painted Skies
Utterly atrocious! The worst movie I have seen this decade.,Negative,The Iron Mask
Entertaining and thought-provoking. I highly recommend it.,Positive,The Lost Kingdom
Predictable and boring. Don't bother.,Negative,Return to the Stars
A visual marvel with a heartwarming story. Beautiful!,Positive,Aurora
I was expecting more. Mediocre plot and forgettable characters.,Neutral,Distant Mirror
A true work of art! It moved me to tears.,Positive,The Crimson Peak
Kept me on the edge of my seat! A fantastic thriller.,Positive,Shadows of Deceit
"A mixed bag. Some good moments, but overall nothing special.",Neutral,The Silent Forest
"An absolutely stunning film! The acting was superb, and the plot kept me guessing until the very end. A must-see!",Positive,The Enigma Machine
"I walked out halfway through. The dialogue was atrocious, and the plot made absolutely no sense. What a waste of money!",Negative,Galactic Garbage
"It was okay. Not great, not terrible. Just... okay. I wouldn't go out of my way to recommend it, but I didn't hate it.",Neutral,Suburban Secrets
"A masterpiece! The director's vision is breathtaking, and the cast delivers phenomenal performances. I'll be watching this again and again.",Positive,Crimson Tides
"Utterly disappointing. The special effects were laughable, and the script was cliché-ridden. Avoid at all costs.",Negative,Space Explorers 7
"It's a decent movie to kill some time. Nothing groundbreaking, but it's entertaining enough. Watchable on a rainy afternoon.",Neutral,The Lost Artifact
"Incredible! The cinematography is stunning, and the story is deeply moving. Prepare to be blown away.",Positive,Echoes of the Past
"I can't believe I wasted two hours of my life on this garbage. The acting was wooden, and the plot was nonsensical. A complete disaster.",Negative,Robot Uprising
"Worth a watch if you're bored. It had its moments, but overall it was pretty forgettable.",Neutral,The Silent Witness
"This movie is pure joy! It's funny, heartwarming, and beautifully made. I can't recommend it enough.",Positive,Sunshine and Lollipops
"Absolutely dreadful. The pacing was awful, and the characters were completely unlikeable. One of the worst movies I've ever seen.",Negative,The Darkening
"I've seen worse, but I've also seen much better. A completely average film.",Neutral,City Limits
"Wow! Just, wow! the visuals, the story, the acting - all top-notch. A truly unforgettable cinematic experience.",Positive,Celestial Dream
"This movie was so bad it was almost funny. Almost. Still, I wouldn't recommend it to my worst enemy.",Negative,Monster Mash 3000
"Not bad, not good. Just another generic action flick.",Neutral,Rapid Fire
"From start to finish, this film captivated me. A brilliant story, expertly told. Highly recommended!",Positive,The Alchemist's Secret
A complete and utter bore. I struggled to stay awake. Don't waste your time.,Negative,Endless Dungeon
A feel-good movie that will leave you smiling. Perfect for a family movie night.,Positive,Heartstrings
A touching story of love and loss. Prepare to shed a few tears.,Positive,Autumn Leaves
The best movie of the year! A must-see for all movie lovers.,Positive,Starlight Sonata
